birthYear	no	clubId	recruitName	name	nameAlpha	language	meaning
2024	1	24001	ピンクアリエスの2024	ランパディアス	Lampadias	古代ギリシャ語	本馬の星座おうし座の一等星アルデバランの古代ギリシャ名。母名より
2024	2	24002	シーズアタイガーの2024	ディノフェリス	Dinofelis	英語	中新世から更新世初期に生息していたネコ科の動物。母名より連想
2024	3	24003	シングルゲイズの2024	パルパデオ	Parpadeo	西語	まばたき、きらめき（西）。鮮烈な存在感を放つことを願って
2024	4	24004	リカビトスの2024	イシュナック	Uisneach	愛語	アイルランドの神話に登場するイシュナックの丘。母名より連想
2024	5	24005	クオウトの2024	リテラルヴァース	Literal Verse	英語	文字通りの詩句。母名より連想
2024	6	24006	プレインチャントの2024	グレイスコール	Grace Call	英語	恩恵の呼び声。幸運や恩恵に恵まれますように
2024	7	24007	フィリアプーラの2024	フィリオソラーレ	Figlio Solare	伊語	太陽の子（伊）。母名より連想
2024	8	24008	ドナウデルタの2024	ロサカニーナ	Rosa Canina	ラテン語	イヌバラ。ドナウ川が流れるルーマニアの国花。母名より連想
2024	9	24009	サンクテュエールの2024	ジョアサクリー	Joie Sacree	仏語	聖なる歓喜（仏）。父名、母名より連想
2024	10	24010	キラーグレイシスの2024	ジェニスタ	Genista	ラテン語	エニシダ。本馬の誕生日である3月30日の誕生花
2024	11	24011	ラサルダンの2024	ラガリーガ	La Garriga	西語	スペイン、カタルーニャ地方にある地名。母名より連想
2024	12	24012	ルナリアの2024	レインワルティア	Reinwardtia	ラテン語	雲南月光花。月の光のように美しい花。母名より連想
2024	13	24013	リュラの2024	ウラノグラフィア	Uranographia	ラテン語	こと座が描かれた星図。母名より連想
2024	14	24014	エスティタートの2024	ピウモッソ	Piu Mosso	伊語	もっと速く（音楽用語）。母名より連想
2024	15	24015	フォルステライトの2024	パパコレア	Papakolea	ハワイ語	ハワイにあるビーチ名。鉱物により砂が緑色をしている。母名より連想
2024	16	24016	ケイティーズハートの2024	コルシャヴィート	Kol Shavit	ヘブライ語	彗星の歌声（ヘブライ語）。額の流星より連想
2024	17	24017	クルミナルの2024	プルヴィナル	Pulvinar	ラテン語	神々の座所（ラテン語）。競馬界の頂点に座るよう願い。母名より連想
2024	18	24018	マリアライトの2024	ダイアナマリア	Diana Maria	英語	イギリスにあるフローライトの発掘で有名な鉱山の名前。母名より連想
2024	19	24019	エリスライトの2024	オーソロンビック	Orthorhombic	英語	直方晶系。結晶構造の分類の1つ。母名より連想
2024	20	24020	バウンスシャッセの2024	カーリーウィップ	Curly Whip	英語	社交ダンスのステップの1つ。母名より連想
2024	21	24021	ボージェストの2024	ボーヴァン	Beau Vent	仏語	良い風（仏）。父名、母名より連想
2024	22	24022	ターシャズスターの2024	ミラージュスター	Mirage Star	英語	幻想＋星。幻想的な星をイメージして。母名より連想
2024	23	24023	ゴールドティアの2024	カリーナネビュラ	Carina Nebula	英語	カリーナ星雲。最も明るいと言われている星雲。母名より連想
2024	24	24024	アシュリンの2024	ラディオーサ	Radiosa	伊語	輝かしい､光り輝く（伊）。輝く舞台での活躍を願って
2024	25	24025	アーズローヴァーの2024	ゴレスターン	Golestan	ペルシア語	バラの園（ペルシア語）、イランの宮殿名より。父名、母名より連想
2024	26	24026	ピュアブリーゼの2024	ピュールオンド	Pure Onde	仏語	純粋な波（仏）。母名、父名より連想
2024	27	24027	ローズノーブルの2024	エウゲニオス	Eugenios	ギリシャ語	ギリシャ語で高貴な生まれを意味する人名より。父名、母名より連想
2024	28	24028	マハーバーラタの2024	パンジュアーブ	Panj Ab	ペルシア語	５つの水(ペルシア語）。インダス川へと注ぐ５つの大河を示す
2024	29	24029	ヴァルキュリアの2024	オーディンスピア	Odin Spear	英語	北欧神話オーディンの槍。母名より連想
2024	31	24031	パドゥヴァルスの2024	ペントザリス	Pentozalis	ギリシャ語	ギリシャのクレタ島に伝わる戦士の踊り。父名、母名より連想
2024	32	24032	シーズンズギフトの2024	アプローズギフト	Applause Gift	英語	拍手喝采＋贈り物。観客から贈られる拍手喝采を願って。母名より連想
2024	33	24033	レーヴディソールの2024	エクラドリオン	Eclat de Lion	仏語	獅子の輝き（仏）。獅子の強さと気高さをイメージして。父名より連想
2024	34	24034	クレアドールの2024	レナセール	Renacer	西語	新たな始まり（西）。母名より連想
2024	35	24035	アンフィトリテの2024	マーズウェーブ	Mars Wave	英語	火星大気の波動。両親から火星の表面に点在する波紋をイメージして
2024	36	24036	クルークハイトの2024	ファインハイト	Feinheit	独語	精巧さ（独）。父名、母名より連想
2024	37	24037	ライジングクロスの2024	シエロブリジャンテ	Cielo Brillante	西語	輝く天空（西）。母名より連想
2024	38	24038	ネオフレグランスの2024	ブルージェイ	Blue Jay	英語	アオカケス。知性と勇気の象徴とされている鳥。父名より連想
2024	39	24039	レッチェバロックの2024	ジャロロッソ	Giallorosso	伊語	黄と赤（伊）。イタリア都市レッチェのシンボルカラー。母名より連想
2024	40	24040	ファシネートゼットの2024	ゼットターム	Z Term	英語	Z項。母名由来の水沢天文台のZ項より
2024	41	24041	マイティースルーの2024	ホールノート	Whole Note	英語	全音符。父名より連想。長く活躍することを願って
2024	42	24042	エルカスティージョの2024	イシュバランケ	Ixbalanque	マヤ語	マヤ神話に登場する双子の神の片方。母名より連想
2024	43	24043	ベルディーヴァの2024	ベルグラース	Belle Grace	仏語	美しい優雅さ（仏）。母名より連想
2024	44	24044	ブロンディーヴァの2024	グルドロッティン	Gull Drottinn	アイスランド語	黄金（アイスランド語）＋支配者（アイスランド語）。両親名より連想
2024	45	24045	ムーングロウの2024	エピックムーン	Epic Moon	英語	素晴らしい月。母名より連想
2024	46	24046	マラクージャの2024	リリコイ	Lilikoi	ハワイ語	パッションフルーツ（ハワイ語）。母名より連想
2024	47	24047	ヒルダズパッションの2024	レイアパショナード	Rey Apasionado	西語	情熱的な王（西）。これからの活躍をイメージして。母名より連想
2024	48	24048	マルシュロレーヌの2024	スタニスラス	Stanislas	仏語	世界遺産に登録されたロレーヌ地方にある広場のひとつ。母名より連想
2024	49	24049	ミッドナイトビズーの2024	エトワールビズー	Etoile Bisou	仏語	星からのキス（仏）。夜空に輝く星のように、見る人を魅了して欲しい
2024	50	24050	サンダードラムの2024	ランブルトーン	Rumble Tone	英語	轟音＋音色。轟く音色を想像して。母名より連想
2024	51	24051	フィニフティの2024	フィネスブレード	Finesse Blade	英語	技巧の刃。切れ味のある脚を使えることを期待して
2024	52	24052	ダイアナブライトの2024	クラフティ	Clafoutis	仏語	さくらんぼなどを散りばめたフランスの伝統菓子名。母名より連想
2024	53	24053	プルメリアスターの2024	ブレイズフォート	Blaze Fort	英語	炎の砦。燃えるような速さと揺るがぬ力の意味を込めて
2024	54	24054	イカットの2024	バティック	Batik	マレー語	インドネシアやマレーシアで作られるろうけつ染め布地。母名より連想
2024	55	24055	シンハライトの2024	ラトナジャーラ	Ratnajala	サンスクリット語	宝石の連なり（サンスクリット）。一族の繁栄と活躍を願い。母名より
2024	56	24056	リスグラシューの2024	リスグロワール	Lys Gloire	仏語	百合（仏）＋栄光（仏）。母と同じような栄光をつかむことを願って
2024	57	24057	ソーメニーウェイズの2024	マニフォールド	Manifold	英語	多彩な、数多くの。無数の可能性を願って。母名より連想
2024	58	24058	ヤングスターの2024	スターリーフライト	Starry Flight	英語	星空飛行。星々のように輝く走りを願って。父名、母名より連想
2024	59	24059	メサルティムの2024	デュアルサイン	Dual Sign	英語	二つの印。母名のメサルティムが二重星であることから連想
2024	60	24060	コハクトウの2024	バルチックアンバー	Baltic Amber	英語	世界的に有名なバルト海の琥珀。母名より連想
2024	61	24061	エレガンテレイナの2024	ガランテリア	Galanteria	西語	紳士的な振る舞い（西）。母名より連想
2024	62	24062	レシステンシアの2024	コルベータ	Corbeta	西語	高速船（西）。両親のようなスピードと力強さから連想
2024	63	24063	シャルールの2024	モンシャルム	Mon Charme	仏語	私の魅力（仏）。本馬の可愛らしい顔と母名の一部より連想
2024	64	24064	マリーナドンナの2024	ルーチェドンナ	Luce Donna	伊語	光（伊）＋女性（伊）。光り輝く淑女をイメージして。母名より連想
2024	65	24065	アドマイヤリードの2024	ストラテジスト	Strategist	英語	戦略家。最高の舞台へ導く存在となるように
2024	66	24066	コルコバードの2024	カミーノドーロ	Caminho do Ouro	ポルトガル語	金の道（ポルトガル語）。ブラジルの歴史的な街道名。両親名より連想
2024	67	24067	グリューヴァインの2024	アッサンブラージュ	Assemblage	仏語	ワイン原酒を混ぜ合わせる伝統的なワイン製造技術。母名より連想
2024	68	24068	ピースエンブレムの2024	ピースインサイト	Peace Insight	英語	平和＋洞察。平和に関する深い洞察。母名より連想
2024	69	24069	デスティノアーラの2024	エテルノアーラ	Eterno Ala	伊語	永遠（伊）＋翼（伊）。母名より連想
2024	70	24070	シーリアの2024	イモージェン	Imogen	英語	戯曲の登場人物名。芯のある女性をイメージして
2024	71	24071	レッドティーの2024	ライナールビン	Reiner Rubin	独語	純粋な紅玉（ルビー）（独）。母名より連想
2024	72	24072	クラシックリディアの2024	スイートリディア	Sweet Lydia	英語	スプレーバラの一品種名。可憐に咲き誇る姿を願って。母名より連想
2024	73	24073	サーティーンスクエアドの2024	ベイカーズダズン	Baker’s Dozen	英語	英語で十二を超える十三を指し、期待以上を表す表現。母名より
2024	74	24074	ユールフェストの2024	エレンデール	Ellendale	英語	オーストラリアにあるダイヤモンド鉱山名。父名、母名より連想
2024	75	24075	ココファンタジアの2024	コルキス	Colchis	ギリシャ語	ギリシャ神話に登場する地名。黄金の羊毛が眠る地。母系より連想
2024	76	24076	パッシングスルーの2024	カーソンスルー	Carson Slough	英語	アメリカ、ネバダ州の南部にある湧水域。父名、母名より連想
2024	77	24077	エールデュレーヴの2024	パルクデュレーヴ	Parcours du Reve	仏語	夢への道のり（仏）。母名より連想
2024	78	24078	クロワドフェールの2024	フラムルージュ	Flamme Rouge	仏語	自転車レースの残り1キロ地点に設置されるアーチ。母名より連想
2024	79	24079	バイラオーラの2024	ラスゲアード	Rasgueado	西語	フラメンコギターの奏法のひとつ。母名より連想
2024	80	24080	ブルーメンクローネの2024	クローネンリーベ	Kronenliebe	独語	王冠の愛（独）。母の王冠（クローネ）を受け継ぐことをイメージして
2024	81	24081	アルドゥエンナの2024	バヤールロック	Bayard Rock	英語	ベルギーのアルドゥエンナの森にある岩の名前。母名より連想
2024	82	24082	バーニングヒートの2024	クリムゾンヒート	Crimson Heat	英語	深紅の熱。勝利への強い情熱をイメージして。母名より連想
2024	83	24083	アディクティドの2024	クレイヴィング	Craving	英語	熱望。母名より連想
2024	84	24084	アロマドゥルセの2024	フラガンシア	Fragancia	西語	上品な香り、芳香（西）。母名より連想
2024	85	24085	カイカヨソウの2024	ヒメハッカ	Himehakka	日本語	日本固有の薄荷。美徳という花言葉を持つ。母名より連想
2024	86	24086	ジョイネヴァーランドの2024	エボンモナーク	Ebon Monarch	英語	黒の君主。父名、毛色より連想
2024	87	24087	ミスエクストラの2024	インティサール	Intisaar	アラビア語	勝利（アラビア語）。多くの勝利を目指して
2024	88	24088	ウナアラバレーラの2024	ガナドーラ	Ganadora	西語	勝者（西）。多くの勝利を願って
2024	89	24089	エンブレマータの2024	サクルサハラ	Saqr Sahara	アラビア語	砂漠の鷹（アラビア語）。父名、母名より連想
2024	90	24090	ミクロコスモスの2024	ギャラクシス	Galaxis	独語	銀河（独）。母名より連想
2024	91	24091	ヴィータアレグリアの2024	アレグロビバーチェ	Allegro Vivace	伊語	快活に速く（音楽用語）。母名より連想
2024	92	24092	マスターワークの2024	モンビスキュイ	Mon Biscuit	仏語	私のビスケット（仏）。父名より連想
2024	93	24093	ティンバレスの2024	ティンバリートス	Timbalitos	西語	打楽器の一種。母名より連想
2024	94	24094	カイカセンゲンの2024	タイザンフクン	Taizanfukun	日本語/中国語由来	泰山府君、同名の能の謡曲に登場する桜の寿命を伸ばした神
2024	95	24095	アヌラーダプラの2024	ジョーティス	Jyotis	サンスクリット語	眩い輝きで、未来を明るく照らす光（サンスクリット）。母名より連想
2024	96	24096	レイパパレの2024	レイカーネ	Lei  Kane	ハワイ語	母名の一部＋ハワイ神話４大神の一柱、生命と創造の神。母名より連想
2024	97	24097	オーロトラジェの2024	イッソス	Issus	英語	イッソスの戦いより。歴史的な勝利の地。父名より連想
2024	98	24098	ドラムガールの2024	ダブルマチュアード	Double Matured	英語	ウイスキーの熟成技法の一つ。父名、母名より連想
2024	99	24099	レッドソンブレロの2024	リンドソンブレロ	Lindo Sombrero	西語	素敵な帽子（西）。母名より連想
2023	1	23001	プライストトゥパーフェクションの2023	インヴァリュアブル	Invaluable	英語	計り知れないほど貴重な。母名より連想
2023	2	23002	イーデンキーの2023	グリオンヴール	Grianmhar	アイルランド語	快晴（アイルランド語）。母の生産国より連想
2023	3	23003	ケイティーズハートの2023	エヴィーヴァ	Eviva	ギリシャ語	乾杯（ギリシャ語）。ギリシャ語で公現祭を意味する父名より連想
2023	4	23004	フロアクラフトの2023	ギリーズボール	Ghillies’ Ball	英語	イギリス王室が主催する舞踏会のひとつ。 母名より連想
2023	5	23005	アールブリュットの2023	パントルナイーフ	Peintre Naif	仏語	素朴派（仏）。近代アートのジャンル。母名より連想
2023	6	23006	ウラヌスチャームの2023	ウラヌスリング	Uranus Ring	英語	天王星の環。母名、母母名より連想
2023	7	23007	シーブルックの2023	サンダーストラック	Thunderstruck	英語	驚くべき。稲妻のような鮮烈な走りを期待して
2023	8	23008	ラッキーダイムの2023	セントゴーデンス	Saint Gaudens	英語	1900年代前半に米国で発行された20ドル金貨より。母名より連想
2023	9	23009	ラドラーダの2023	レイジングサージ	Raging Surge	英語	激しいうねり。父系の海の神、母系の風より連想
2023	10	23010	カヴァートラブの2023	ヴェイルドハート	Veiled Heart	英語	隠された情熱。母名より連想
2023	11	23011	コントラチェックの2023	カーブドフェザー	Curved Feather	英語	ダンスステップの種類の１つ。母名より連想
2023	12	23012	フェルミオンの2023	フェルミアーク	Fermi Arc	英語	物質表面に表れる特殊な表面状態。母名より連想
2023	13	23013	バウンスシャッセの2023	フォワードシャッセ	Forward Chasse	英語	社交ダンスのジャイブにおけるシャッセの種類。母名より連想
2023	14	23014	ビッグワールドの2023	ランザワールド	Run the World	英語	世界を動かす。母名より連想
2023	15	23015	シーリアの2023	ギャニミード	Ganymede	英語	戯曲「お気に召すまま」の登場人物名より。母、母母名より連想
2023	16	23016	ダイアナブライトの2023	カーマインジュエル	Carmine Jewel	英語	さくらんぼの品種の一つ。母名より連想
2023	17	23017	マリアライトの2023	シャンパンクォーツ	Champagne Quartz	英語	成功、達成、浄化という石言葉を持つパワーストーン。母名より連想
2023	18	23018	ルージュバックの2023	ボニープリンス	Bonnie Prince	英語	カクテルの一種。母名より連想
2023	19	23019	アロマドゥルセの2023	ベイツリー	Bay Tree	英語	本馬の誕生花。花言葉「勝利」「栄光」「輝ける未来」。母名より連想
2023	20	23020	アディクティドの2023	リコラピッド	Rico Rapido	西語	一攫千金（西）。父名、母名より連想
2023	21	23021	ディーパワンサの2023	トロフィーポーズ	Trophy Pose	英語	テニスでサーブを打つ時にとる姿勢。父名より連想
2023	22	23022	ランズエッジの2023	グラムエッジ	Glam Edge	英語	洗練されて魅力的に映る派手さ＋母名の一部
2023	23	23023	ライフフォーセールの2023	オルネーロ	Hornero	西語	アルゼンチンの国鳥。母の生産国より連想
2023	24	23024	ピースエンブレムの2023	ピュアエンブレム	Pure Emblem	英語	純真無垢＋母名の一部
2023	25	23025	シャンブルドットの2023	エクラドット	Eclat Dot	仏語	輝き（仏）＋点。輝きを放つ星々をイメージして
2023	27	23027	セレナズヴォイスの2023	サイモフェーン	Cymophane	英語	金緑石クリソベリルのキャッツアイ効果があるもの。父名より連想
2023	28	23028	カイカヨソウの2023	ペタルズダンス	Petals Dance	英語	花びらが舞う。母名より連想
2023	29	23029	ランウェイデビューの2023	ランウェイミューズ	Runway Muse	英語	母名の一部＋ブランドの象徴となるモデル（ファッション用語）
2023	30	23030	ウルクラフトの2023	エーデルクラフト	Edel Kraft	独語	高貴な力（独）。母名より連想
2023	31	23031	エンジェルフォールの2023	ガヴァルニー	Gavarnie	仏語	自然の大劇場と呼ばれる、滝で有名なフランスの圏谷。母名より連想
2023	32	23032	ポロンナルワの2023	ニルマーネル	Nil Mahanel	シンハラ語	スリランカの国花である熱帯睡蓮の一種。 母名より連想
2023	33	23033	ヴィータアレグリアの2023	ジョイアミーア	Gioia Mia	伊語	私の喜び（伊）。母名より連想
2023	34	23034	アトミカオロの2023	レダアトミカ	Leda Atomica	西語	ギリシャ神話の「レダと白鳥」を題材にした絵画。母名より連想
2023	35	23035	リラヴァティの2023	シーギリヤロック	Sigiriya Rock	英語	天空の宮殿として知られるスリランカの古都にある岩頸
2023	36	23036	エリスライトの2023	クレパスキュラー	Crepuscular	英語	黄昏のような。青い光を放つ水晶から。母名より連想
2023	37	23037	ブリガアルタの2023	ゾネブルーム	Zonnebloem	オランダ語	ひまわり（オランダ語）。オランダ出身の画家の代表作名。父名より
2023	38	23038	ローガンサファイアの2023	ラングロワブリッジ	Langlois Bridge	英語	ラングロワ橋。名画「アルルの跳ね橋」の英語名より。父名より連想
2023	39	23039	メリートの2023	パッセージピーク	Passage Peak	英語	オーストラリアのハミルトン島内で最も高い山。母の生産国、姉名より
2023	40	23040	ネオフレグランスの2023	ギルランダ	Ghirlanda	伊語	花冠（伊）。父名、母名より連想
2023	41	23041	コンダクトレスの2023	ラヴィニアパーク	Ravinia Park	英語	アメリカのシカゴにある有名な音楽祭の開催地。母名より連想
2023	42	23042	デスティノアーラの2023	リベルタアーラ	Liberta Ala	伊語	自由（伊）＋翼（伊）。母名より連想
2023	43	23043	サバンナズチョイスの2023	ブレイロックホール	Buley Rockhole	英語	オーストラリアのサバンナにある秘境の水場。母名より連想
2023	44	23044	プラチナブロンドの2023	デイトナチャンプ	Daytona Champ	英語	デイトナ24時間レースの王者。父名より連想
2023	45	23045	ローズノーブルの2023	プリヴィマーク	Privy Mark	英語	硬貨に刻印された小さくて特徴的なマーク。母名より連想
2023	46	23046	パドゥヴァルスの2023	バランソワール	Balancoire	仏語	振り子人形（仏）。 バレエの動作の一種。 母名より連想
2023	47	23047	クロウエアの2023	エリオステモン	Eriostemon	英語	白色の星型の花の名前。母名より連想
2023	48	23048	ベルクワイアの2023	カリヨンアヴォン	Carillon a Vent	仏語	風鈴（仏）。父名、母名より連想
2023	49	23049	アップライトスピンの2023	ルーリングクラス	Ruling Class	英語	支配階級。父名より連想
2023	50	23050	オリエンタルステップの2023	ザーフィル	Zaafir	アラビア語	勝利者、望みを達成した者に由来する人名より
2023	51	23051	トゥープレシャスの2023	ヒートエミッション	Heat Emission	英語	熱を放つ。熱く力強い走りを期待して
2023	52	23052	フィルムフェストの2023	フリッカーフェスト	Flickerfest	英語	国際的に有名な短編映画祭。母名より連想
2023	53	23053	ムーンティアーズの2023	フォルストランキル	Force Tranquille	仏語	ブラックパールの石言葉「静かな力強さ(仏）」。父名、母名より連想
2023	54	23054	レッチェバロックの2023	バロッカネーラ	Barocca Nera	伊語	黒いバロック様式（伊）。母の芸術性と父の力強さを反映
2023	55	23055	マジックアティテュードの2023	ラルヴァンダード	Larvandad	ペルシア語	シリアのキリスト教会における東方の三博士の一人。両親名より連想
2023	56	23056	シンハライトの2023	アランカール	Alankar	ヒンディー語	宝飾品（ヒンディー語）。母名より連想。輝かしい成績を収められる様
2023	57	23057	リスグラシューの2023	ジリアート	Gigliato	伊語	百合の印（伊）。母名より連想
2023	58	23058	サークリングⅡの2023	ビジュアライズ	Visualize	英語	思い描く。母名から連想した航空用語のビジュアルアプローチより
2023	59	23059	マラコスタムブラダの2023	バルセシート	Valsecito	西語	タンゴ（踊り）の一種。踊るように華麗に勝利することを願って
2023	60	23060	クルミネイトの2023	アクロフェイズ	Acrophase	英語	頂点位相。母名より連想
2023	61	23061	ココファンタジアの2023	コティノス	Kotinos	ギリシャ語	古代オリンピアの勝者に贈られるオリーブ冠。父名、母父名より連想
2023	62	23062	ミリッサの2023	セイロンブリーズ	Ceylon Breeze	英語	スリランカの旧称セイロンと爽やかな風をイメージ。 母名より連想
2023	63	23063	リカビトスの2023	パナテナイア	Panathenaea	英語	古代ギリシャのアテネで行われていた祭典。父名、母名より連想
2023	64	23064	ベルディーヴァの2023	シャンドラファール	Chant du Rafale	仏語	一陣の風の詩（仏）。母名より連想
2023	65	23065	エリティエールの2023	ガルディエンヌ	Gardienne	仏語	守護者（仏）。 母名より連想
2023	66	23066	マルシュロレーヌの2023	マルシュボヌール	Marche Bonheur	仏語	幸せへの行進（仏）。母名より連想
2023	67	23067	ブランシェクールの2023	フィアスゲイル	Fierce Gale	英語	疾風。父名より連想
2023	68	23068	オーロトラジェの2023	ノンブルドール	Nombre d’Or	仏語	黄金比(仏)。父名、母名より連想
2023	69	23069	ヴィルデローゼの2023	ミスティパープル	Misty Purple	英語	薔薇の中でも特に香り高い品種。母名より連想
2023	70	23070	リャスナの2023	ラジャブルック	Rajah Brooke	英語	マレーシアの国蝶。競馬場で華麗に舞ってほしいという願いを込めて
2023	71	23071	ベルプラージュの2023	アーガイルショア	Argyle Shore	英語	カナダ、プリンスエドワード島にある赤い砂と崖が特徴的な海岸
2023	72	23072	ブルーメンクローネの2023	ローベルクランツ	Lorbeerkranz	独語	月桂冠（独）。勝者に与えられる月桂樹で作られた冠。母名より連想
2023	73	23073	トゥリフォーの2023	サンヴァランタン	Saint Valentin	仏語	バレンタインデー（仏）。本馬の誕生日にちなんで
2023	74	23074	パッシングスルーの2023	ブレットパス	Bullet Pass	英語	弾丸のような速いパス。弾丸のような走りを期待して。母名より連想
2023	75	23075	クルークハイトの2023	ブロンザイト	Bronzite	英語	ゴールドとブロンズの混同した色合いの輝石。本馬の毛色と父名より
2023	76	23076	ヒカルアモーレの2023	シルバーリム	Silver Limb	英語	銀の四肢。父名より連想
2023	77	23077	マルケッサの2023	ヴィスコンテッサ	Viscontessa	伊語	女性の子爵（伊）。母名より連想
2023	78	23078	スペクトロライトの2023	ガーネットフレア	Garnet Flare	英語	ガーネットの輝き。情熱的で輝かしい走りを期待して。母名より連想
2023	79	23079	グリューヴァインの2023	キンダープンシュ	Kinderpunsch	独語	クリスマスマーケットで飲まれるノンアルコールのドリンク。母名より
2023	80	23080	ティールグリーンの2023	カレイジャスビート	Courageous Beat	英語	勇敢な鼓動。馬の躍動感を表現
2023	81	23081	コルコバードの2023	クライストヒル	Christ Hill	英語	キリスト＋丘。コルコバードの丘にあるキリスト像に因んで。母名より
2023	82	23082	スウィートショットの2023	クラックショット	Crackshot	英語	射撃の名手。母名より連想
2023	83	23083	アドヴェントスの2023	ロージーキャンドル	Rosy Candle	英語	アドヴェントの祭事に使われるバラ色のろうそく。母名より連想
2023	84	23084	リリカルホワイトの2023	ロックターミガン	Rock Ptarmigan	英語	雷鳥。父名より連想
2023	85	23085	プルメリアスターの2023	パシフィックドーン	Pacific Dawn	英語	プルメリアの品種名、穏やかな夜明け。母名より連想
2023	86	23086	エールデュレーヴの2023	レゼルフォート	Les Ailes Fortes	仏語	強い翼（仏）。父名、母名より連想
2023	87	23087	ムーングロウの2023	ムーンリットアイル	Moonlit Isle	英語	月明かりに照らされた島。両親より連想。明るい未来と走りを願って
2023	88	23088	ティンバレスの2023	フリジアンモード	Phrygian Mode	英語	フリギア旋法。音階の一種
2023	89	23089	レオパルディナの2023	アルペングロー	Alpenglow	英語	高山の山頂で日の出の直前や日没直後に見られるバラ色の輝き
2023	90	23090	レディオブパーシャの2023	パーシャングレー	Persian Gray	英語	ペルシャの芦毛。母名および毛色より連想
2023	91	23091	ヴォーセルの2023	バルフルール	Barfleur	仏語	フランスのノルマンディー地方にある港町。母名より連想
2023	92	23092	エトワールⅢの2023	ヴェスタールカ	Vestalka	露語	バレエ作品「パキータ」の中の女性ソロの踊り
2023	93	23093	ジルズパレスの2023	ナインフォルド	Nine Fold	英語	9つの重なり。宮中を意味する九重とかけて。母名より連想
2023	94	23094	ペニーウェディングの2023	ペニーファウンテン	Penny Fountain	英語	噴水にコインを投げて願い事をする行為より連想。勝利を願って
2023	95	23095	バイラオーラの2023	バイラノーチェ	Baila Noche	西語	踊る（西）＋夜（西）。夜に踊ることをイメージして。母名より連想
2023	96	23096	シシリアンブリーズの2023	シシリアンマインド	Sicilian Mind	英語	シシリア人の心。父名、母名より連想
2023	97	23097	レディデラウェアの2023	ピードモント	Piedmont	英語	アメリカ合衆国東部から南部にかけて広がる丘陵地域。母名より連想
2023	98	23098	アナアメリカーナの2023	ヴォートセレスト	Voute Celeste	仏語	天空、青天井（仏）。父名より連想
2023	99	23099	ダンサールの2023	ギリーカラム	Gille Chaluim	ゲール語	スコットランドに伝わる剣舞。勝利の踊りとされている。母名より連想
2023	100	23100	エライヤの2023	エイル	Eir	古ノルド語	北欧神話に登場する最も優れた医術を持つ女神。本馬の健康を願って
2023	101	23101	ポジティブマインドの2023	スカイストライプス	Sky Stripes	英語	空に伸びる美しい縞模様。父名、母父名より連想
2023	102	23102	メジャーエンブレムの2023	レジーナレガリア	Regina Regalia	伊語	女王（伊）＋王権（伊）。父名、母名より連想
2023	103	23103	マハーバーラタの2023	プラカーシャ	Prakasa	サンスクリット語	光、輝き（サンスクリット）。父名、母名より連想
2023	104	23104	スーリーズの2023	グリオット	Griotte	仏語	さくらんぼの種類のひとつ。母名より連想
2023	105	23105	クレスクントの2023	シージャムブルース	C Jam Blues	英語	ジャズの名曲より。父名より連想
2022	1	22001	マリアライトの2022	ロジャリーマイン	Rogerley Mine	英語	イングランドにある世界有数の採石場を有する鉱山。母名より連想
2022	2	22002	ザズーの2022	アローグレイシャー	Arrow Glacier	英語	タンザニアにあるキリマンジャロの氷河の一つ。母名より連想
2022	3	22003	ヴィルデローゼの2022	グラフレナート	Graf Lennart	英語	バラの品種名。母名より連想
2022	4	22004	ラドラーダの2022	ブリッサドラーダ	Brisa Dorada	西語	黄金のそよ風（西）。ターフを軽快に駆け抜けて欲しい想い。母名より
2022	5	22005	アヴェンチュラの2022	ナヴィガトーレ	Navigatore	伊語	航海者（伊）。父名、母名より連想
2022	6	22006	アドマイヤセプターの2022	グロスビーク	Grosbeak	英語	アトリ科の鳥の総称。父名より連想
2022	7	22007	リリーバレロの2022	リバーバレイト	Reverberate	英語	鳴り響く。母名より連想
2022	8	22008	ピュアブリーゼの2022	ヴァーナリー	Vernally	英語	春のように。母名より連想
2022	9	22009	ファナティックの2022	ファンダム	Fandom	英語	熱狂的なファン。その大規模なコミュニティ。母名より連想
2022	10	22010	クルミナルの2022	レイニング	Reigning	英語	君臨する。 頂点に君臨することを願って。母名より連想
2022	11	22011	パルクデラモールの2022	コスタヴェルデ	Costa Verde	西語	ペルーのリマの景勝地。母系より連想
2022	12	22012	メリートの2022	サザリーバスター	Southerly Buster	英語	オーストラリア東部沿岸に吹きつける激しい季節風の名称
2022	13	22013	レオパルディナの2022	キアラメンテ	Chiaramente	伊語	明るく、はっきりと（音楽用語）。父名より連想
2022	14	22014	シングルゲイズの2022	テンダールック	Tender Look	英語	優しい眼差し、表情。母名より連想
2022	15	22015	ミリッサの2022	アルガムベイ	Arugam Bay	英語	スリランカのサーフィンの名所。母名より連想
2022	16	22016	レッドレグナントの2022	ジョリーレーヌ	Jolie Reine	仏語	おしゃれで綺麗な王妃（仏）。毛色と母名より連想
2022	17	22017	ルヴォワールの2022	ヴィルナタール	Ville Natale	仏語	故郷（仏）。母名より連想
2022	18	22018	リラヴァティの2022	サラスヴァティー	Sarasvati	サンスクリット語	芸術、学問などの知を司るヒンドゥー教の女神。母名より連想
2022	19	22019	ベルディーヴァの2022	シャンソンドール	Chanson d’Or	仏語	黄金の歌(仏)。父名、母名より連想
2022	20	22020	エールデュレーヴの2022	アーラグラシア	Ala Gracia	西語	翼（西）＋優雅さ（西）。父名、母名より連想
2022	21	22021	トーコーユズキの2022	バギーウィップ	Buggy Whip	英語	テニスの打法。父名より連想
2022	22	22022	グリューヴァインの2022	ヴィンブルレー	Vin Brule	伊語	ホットワイン（伊）。母名より連想
2022	23	22023	ディアデラマドレの2022	カーラデマドレ	Cara de Madre	西語	母の面影（西）。母の最後の産駒であり、母譲りである美しい見た目から
2022	24	22024	マスターワークの2022	マイスターヴェルク	Meisterwerk	独語	傑作（独）。母名より連想
2022	25	22025	カーミングエフェクトの2022	カーミングライツ	Calming Lights	英語	心が安らぐ灯り。母名より連想
2022	26	22026	キャヴァルドレの2022	パヴェリング	Pave Ring	英語	小さなダイヤモンドを敷き詰めた指輪。父名より連想
2022	27	22027	マイミスリリーの2022	ロートホルン	Rod Horn	独語	ユリの品種名。母名より連想
2022	28	22028	ワシントンレガシーの2022	マウントバーノン	Mount Vernon	英語	ジョージワシントンが暮らしていた邸宅の地。母名より連想
2022	29	22029	セレナズヴォイスの2022	リッスンクロース	Listen Close	英語	くぎ付けになってじっと聞く。母名より連想
2022	30	22030	フォルテピアノの2022	フィザルモニカ	Fisarmonica	伊語	アコーディオン（伊）。母名より連想
2022	32	22032	ティンバレスの2022	グランカッサ	Grancassa	伊語	大太鼓（伊）。母名より連想
2022	33	22033	エリスライトの2022	トライゴーニック	Trigonic	英語	表面に逆三角形の模様が浮かび上がる希少な水晶。母名より連想
2022	34	22034	コンダクトレスの2022	コンアフェット	Con Affetto	伊語	愛情を込めて（音楽用語）。母名より連想
2022	35	22035	コロナシオンの2022	エデルクローネ	Edel Krone	独語	気高き王冠（独）。父名、母名より連想
2022	36	22036	ピースエンブレムの2022	ウィッシュツリー	Wish Tree	英語	願いを叶える木。母名より連想
2022	37	22037	ピンクアリエスの2022	アンティジャミーラ	Anti Jamila	アラビア語	貴方は美しい（アラビア語）
2022	38	22038	ダイワオンディーヌの2022	オーセンティアン	Eau Scintillante	仏語	キラキラ美しく輝く水（仏）。母名より連想
2022	39	22039	サンブルエミューズの2022	ブルージュ	Bruges	英語	煉瓦造りの家が建ち並ぶベルギーの都市。父名、姉名より連想
2022	40	22040	ケアレスウィスパーの2022	トレインザマインド	Train the Mind	英語	心を鍛える。父名より連想
2022	41	22041	アンフィトリテの2022	バシレイア	Basileia	ギリシャ語	王国（ギリシャ語）。母名より連想
2022	42	22042	エディスワートンの2022	ウィンスタンリー	Winstanley	英語	エディストーンロックスに建った最初の灯台。兄名より連想
2022	43	22043	ココシュニックの2022	ココアミュレット	Coco Amulet	英語	女の子の愛称＋お守り。母名より連想
2022	44	22044	ヴィータアレグリアの2022	グランジョルノ	Gran Giorno	伊語	素晴らしい一日（伊）
2022	45	22045	フェルミオンの2022	ディラトン	Dilaton	英語	超弦理論に登場する仮説上の粒子。母名より連想
2022	46	22046	ヴィアンローズの2022	カザンラク	Kazanlak	ブルガリア語	バラの産地として有名なブルガリアの都市。母名より連想
2022	47	22047	スペクトロライトの2022	ヴィジブルライト	Visible Light	英語	可視光線。７色の波長による目に見える光。母名より連想
2022	48	22048	ローズノーブルの2022	スペードギニー	Spade Guinea	英語	18世紀に英国で発行された、イギリス国王が描かれた金貨名
2022	49	22049	ユーセニアの2022	マックアルイーン	Mac an Luin	愛語	父の出身である愛国の神話に出てくる剣の名。鋭い切れ味を期待して
2022	50	22050	シェイリーンⅡの2022	セラトーン	Celatone	英語	木星の衛星の観測装置。Galileoのクロスを持つ本馬より連想
2022	51	22051	ビートマッチの2022	バズアップビート	Buzz up Beat	英語	人々の鼓動を震わせるような活躍を期待して。母名より連想
2022	52	22052	ソートアフターの2022	マイエレメント	My Element	英語	自分にぴったりの場所、環境
2022	53	22053	キャンプロックの2022	コーチェラバレー	Coachella Valley	英語	世界最大規模のロックフェスが行われる場所。母名より連想
2022	54	22054	ミスティークⅡの2022	ミスティカルボンド	Mystical Bond	英語	神秘的な絆。父名、母名より連想
2022	55	22055	アディクティドの2022	イマージョン	Immersion	英語	没入。走ることに無我夢中になれるよう期待して。母名より連想
2022	56	22056	チャイマックスの2022	モルティフレーバー	Malty Flavor	英語	チャイに使用されるアッサム茶葉の香りのこと。母名より連想
2022	57	22057	ハープスターの2022	ヴァルチャースター	Vulture Star	英語	鷲＋星。こと座ベガの由来（アラビア語で降りている鷲の意）より連想
2022	58	22058	ダイワプロパーの2022	ストラーダレアーレ	Strada Reale	伊語	本物の道（伊）。 王道を進んでほしい願いを込めて。母名より連想
2022	59	22059	リカビトスの2022	カンピドリオ	Campidoglio	伊語	イタリア、ローマ市にある七丘のうちの一つ。母名より連想
2022	60	22060	キラーグレイシスの2022	キラーチューン	Killer Tune	英語	人を惹き付ける魅力的な曲。父名、母名より連想
2022	61	22061	フォトコールの2022	プレスジャンケット	Press Junket	英語	映画界において、公開前に取材を受ける場を指す用語。母名より連想
2022	62	22062	マラコスタムブラダの2022	エスタンシア	Estancia	西語	ユネスコ世界遺産に登録された大規模農園より。母の生産国より連想
2022	63	22063	エリティエールの2022	バースライト	Birthright	英語	生まれながらに持つ権利。母名より連想
2022	64	22064	フィニフティの2022	ロンドボス	Ronde Bosse	仏語	金などの立体像の表面全体にエナメルを施す技法。母名より連想
2022	66	22066	アロマドゥルセの2022	アロマフェリス	Aroma Feliz	西語	幸せな香り（西）。母名より連想
2022	67	22067	プルメリアスターの2022	アラマンダ	Allamanda	英語	キョウチクトウ科の植物。母名より連想
2022	68	22068	ディーパワンサの2022	チューラワンサ	Culavamsa	パーリ語	スリランカの年代記。母名より連想
2022	69	22069	クァンタムミスの2022	クァンタムウェーブ	Quantum Wave	英語	量子の波動。 母名より連想
2022	70	22070	ボールドアテンプトの2022	ステイクオール	Stake  All	英語	乾坤一擲。全てを賭ける。母名より連想
2022	71	22071	エスティタートの2022	カロローザ	Calorosa	伊語	情熱を持って(音楽用語)。母名より連想
2022	72	22072	カイカヨソウの2022	セレジェイラ	Cerejeira	葡語	サクラ（葡）。母名より連想
2022	73	22073	アドヴェントスの2022	フィングステン	Pfingsten	独語	精霊降臨祭（独）。母名より連想
2022	74	22074	ブルーメンブラットの2022	リンゲルブルーメ	Ringelblume	独語	キンセンカ（独）。母名より連想
2022	75	22075	シンハリーズの2022	エンベッカ	Embekke	英語	スリランカにある寺院名。母名より連想
2022	76	22076	レネットグルーヴの2022	タンテドヴィーヴル	Tenter de Vivre	仏語	生きようとする（仏）。父名より連想
2022	77	22077	スターダムバウンドの2022	ペンダンティフ	Pendentif	仏語	金細工の定番ペンダント（仏）。父名より連想
2022	78	22078	リプリートⅡの2022	マーシフルルーラー	Merciful Ruler	英語	慈悲深い統治者。父名より連想
2022	79	22079	ギーニョの2022	ソルナシエンテ	Sol Naciente	西語	朝日、日の出（西）
2022	80	22080	グランデアモーレの2022	ネーヴェフレスカ	Neve Fresca	伊語	新雪（伊）。本馬の毛色、父名より連想
2022	81	22081	レディドーヴィルの2022	トロワヴァレー	Trois Vallees	仏語	フランスにある世界最大級のスキーリゾート地。毛色、母名より連想
2022	82	22082	スプリングゲイルの2022	セイルロケット	Sailrocket	英語	高速で航行するヨットの名前。母名より連想
2022	83	22083	ハーエミネンシーの2022	バーミーズルビー	Burmese Ruby	英語	女王の愛用していたジュエリーの愛称
2022	84	22084	リチュアルローズの2022	アートレスマインド	Artless Mind	英語	純真な心。父名より連想
2022	85	22085	ブルーメンクローネの2022	ヴァイスクレー	Weissklee	独語	シロツメクサ（独）。母名より連想
2022	86	22086	ソブラドラインクの2022	カナルビーグル	Canal Beagle	西語	アルゼンチンとチリの間に流れている海峡。母の生産国より連想
2022	87	22087	ヴィートマルシェの2022	フィドルファドル	Fiddle Faddle	英語	アップテンポなクラシック曲名。母名より連想
2022	88	22088	ペルレンケッテの2022	バイルシュタイン	Beilstein	独語	モーゼル川の真珠と言われるドイツの街。母名より連想
2022	89	22089	パドゥヴァルスの2022	アロンディ	Arrondi	仏語	丸い曲線的な（バレエ用語）。母名より連想
2022	90	22090	ビットレートの2022	トータルクラリティ	Total Clarity	英語	完全な鮮明さ。ビットレートを上げて得られる高画質。母名より連想
2022	91	22091	インピードの2022	フランクスピード	Flank Speed	英語	船舶の最高速力。父名、母名の音より連想
2022	92	22092	エルヴァスⅡの2022	ブルクトーア	Burgtor	独語	城門（独）。父名、母名より連想
2022	93	22093	パーフェクトジョイの2022	ジョイフルロック	Joyful Rock	英語	喜びに満ち溢れるロックミュージック。父名、母名より連想
2022	94	22094	レーゲンボーゲンの2022	ジーベンファルベン	Sieben Farben	独語	七色（独）。母名より連想
2022	95	22095	ペニーウェディングの2022	ラッケンブース	Luckenbooth	英語	花婿から花嫁に贈られ結婚式当日に身に着けるブローチ。母名より連想
2022	96	22096	ホーリーレジェンドの2022	ホーリーグレイル	Holy Grail	英語	究極の理想、至高の目標。母名より連想
2022	97	22097	シーリアの2022	ヴィンセンシオ	Vincentio	英語	戯曲の登場人物名。母名より連想
2022	98	22098	ユールフェストの2022	ポリアンセモス	Polyanthemos	英語	オーストラリア原産のユーカリの一種。母名より連想
2022	99	22099	プラチナブロンドの2022	ブロンドエール	Blonde Ale	英語	ビールの種類。牝系の名より。エールの響きに応援、翼の意味も込め
2022	100	22100	リンフォルツァンドの2022	デリツィオーサ	Deliziosa	伊語	魅惑的な。甘美な（伊）。母名より連想
2022	101	22101	マイティースルーの2022	スルーザナイト	Through the Night	英語	夜を超えて。母名、姉名より連想
2022	102	22102	スーブレットの2022	オペラアリア	Opera Aria	伊語	オペラでソリストが歌う独唱曲。オペラの役を意味する母名より連想
2021	2	2202	ジョプリンの2021	ジュビランス	Jubilance	英語	歓喜。4代続いた頭文字を引き継ぎ、名前通りの活躍を期待して
2021	3	2203	ヒルダズパッションの2021	アルドール	Ardor	西語	情熱（西）。母名より連想
2021	4	2204	グリューネワルトの2021	オーデンヴァルト	Odenwald	独語	ドイツのフランクフルト近郊に位置する森。母名より連想
2021	5	2205	インクルードベティの2021	インクルージョン	Inclusion	英語	包括。世代をまとめるような活躍を期待して。母名より連想
2021	6	2206	サンブルエミューズの2021	アルセナール	Arsenaal	オランダ語	英国風の格調高い式典行進曲、コンサートマーチ
2021	7	2207	シャルールの2021	カニキュル	Canicule	仏語	「熱波」「盛夏」（仏）。母名より連想
2021	8	2208	フィンレイズラッキーチャームの2021	シックスペンス	Sixpence	英語	イギリス旧硬貨の名。幸運をもたらすお守り。母名より連想
2021	9	2209	ザズーの2021	セルース	Selous	英語	世界遺産にも登録されているタンザニアの動物保護区。母名より連想
2021	10	2210	ロスヴァイセの2021	ジークルーネ	Siegrune	独語	ワーグナー作「ニーベルングの指環」の登場人物名。母名より連想
2021	11	2211	アールブリュットの2021	アンフォルメル	Informel	仏語	非定型の芸術。母名より連想
2021	12	2212	フロアクラフトの2021	クランプダンス	Krump Dance	英語	荒々しく激しい動きが特徴のストリートダンス。父名、母名より連想
2021	13	2213	マイハッピーフェイスの2021	ルミナスティ	Luminosity	英語	輝き。母名より連想
2021	14	2214	ブルーメンブラットの2021	シュトラウス	Strauss	独語	独語の花束（Ｂｌｕｍｅｎｓｔｒａｕｓｓ）より。母名より連想
2021	15	2215	リカビトスの2021	リュケイオン	Lykeion	希語	古代アテネでアリストテレスが創設した学園の名。母名より連想
2021	16	2216	シャイントレイルの2021	トラジェクトワール	Trajectoire	仏語	軌跡（仏）。母名より連想
2021	17	2217	ピュアブリーゼの2021	ヴィントシュティレ	Windstille	独語	凪（独)。母名より連想
2021	19	2219	ヴィータアレグリアの2021	アグラード	Agrado	ポルトガル語	歓喜（ポルトガル語）。母名より連想
2021	20	2220	チアズメッセージの2021	ブレスワード	Bless Word	英語	祝福の言葉。祝福の言葉を言い合えるように願って。母名より連想
2021	21	2221	スペクトロライトの2021	イリディセント	Iridescent	英語	虹色の。素晴らしく輝く本馬の未来ヘの想い。母名より連想
2021	22	2222	アンジュシャルマンの2021	レシェルドランジュ	L’Echellede l’Ange	仏語	天使の梯子（仏）。雲の切れ間から光が地上へ降り注ぐ光景。母名より
2021	23	2223	エスティタートの2021	ポンポーソ	Pomposo	伊語	華麗に（音楽用語）。母名より連想
2021	24	2224	パルティトゥーラの2021	スパルティート	Spartito	伊語	総譜、フルスコア(音楽用語)。母名より連想
2021	25	2225	フレジェールの2021	モンタンヴェール	Montenvers	仏語	フランスのオート＝サヴォワ県にある登山鉄道名より。母名より連想
2021	27	2227	プルメリアスターの2021	ジオセントリック	Geocentric	英語	地球を中心として各天体の配置をみる占星術。父名、母名より連想
2021	29	2229	ヒカルアモーレの2021	グランルフレ	Grand Reflet	仏語	素晴らしい輝き（仏）。父の代表産駒となるような輝く成績を願って
2021	30	2230	コケレールの2021	ヴェラベレッツァ	Vera Bellezza	伊語	本物の美しさ（伊）。父名より連想
2021	31	2231	アイヴィベルの2021	ミダース	Midas	英語	ギリシャ神話に登場する触れた物を黄金に変える王。父名より連想
2021	32	2232	マリアライトの2021	マリガーネット	Mali Garnet	英語	「挑戦」「自立」の意味を持つパワーストーン。母名より連想
2021	33	2233	スプリングゲイルの2021	ヴァンセゾニエ	Vent Saisonnier	仏語	季節風（仏）。母名より連想
2021	34	2234	コナブリュワーズの2021	コナウェリナ	Kona Welina	ハワイ語	母名の一部＋愛を込めて（ハワイ語）。母より愛を込めて
2021	35	2235	ミセスワタナベの2021	アルシミスト	Alchimiste	仏語	錬金術師（仏）。父名、母名より連想
2021	36	2236	エンプレスティアラの2021	イクリール	Iklil	アラビア語	王冠（アラビア語）。母名より連想
2021	37	2237	ジンジャーパンチの2021	シトラール	Citral	英語	生姜の香気成分
2021	38	2238	トップライナーⅡの2021	ビートメイカー	Beatmaker	英語	音楽クリエイター。母名より連想
2021	39	2239	アンフィトリテⅡの2021	トライデントスピア	Trident Spear	英語	三叉槍。アンフィトリテの子トリトンとその父ポセイドンが持つ武器
2021	40	2240	シンギングメリリーの2021	フォルクスリート	Volkslied	独語	民謡（独）。母名より連想
2021	41	2241	シークレットスパイスの2021	クラッシファイド	Classified	英語	国家機密、極秘の。母名より連想
2021	42	2242	モアザンセイクリッドの2021	ディヴァイネスト	Divinest	英語	最も神聖な。母名より連想
2021	43	2243	ビットレートの2021	エクサビット	Exabit	英語	データ量を表す単位。母名より連想
2021	44	2244	ウインジュビリーの2021	コイヌール	Kohinoor	英語	世界最古のダイヤモンド。母母名、母名より連想
2021	45	2245	コルコバードの2021	ヘデントール	Redentor	ポルトガル語	救世主（ポルトガル語）。コルコバードの丘のキリスト像より
2021	46	2246	ピースエンブレムの2021	アージェント	Argent	英語	紋章学における銀色を表す紋様の要素らの総称。父名、母名より連想
2021	47	2247	ティンバレスの2021	リムショット	Rimshot	英語	ドラムの打法。母名より連想
2021	48	2248	バイラオーラの2021	アシセバイラ	Asi se Baila	西語	フラメンコの掛け声(ハレオ)の一種。母名より連想
2021	49	2249	ヒルダの2021	ヴェルトラウム	Weltraum	独語	宇宙（独）。父名より連想
2021	50	2250	キャントバイミーラヴの2021	アンドアイラヴハー	And I Love Her	英語	曲名。母名より連想
2021	51	2251	リラヴァティの2021	ワールズエンド	World’s End	英語	地の果て。スリランカの国立公園にある絶壁。 母名より連想
2021	52	2252	エリティエールの2021	フルリール	Fleurir	仏語	開花する（仏）。母名より連想
2021	53	2253	バウンスシャッセの2021	リルト	Lilt	英語	ダンスの技法。バウンスより強く弾む。母名より連想
2021	54	2254	トータルヒートの2021	ファーヴェント	Fervent	英語	熱烈な、燃え盛る。熱い走りに期待して。母名より連想
2021	55	2255	リリサイドの2021	エボルヴィング	Evolving	英語	進化。進化、発展する競走馬生活を願って
2021	56	2256	アルアリングスターの2021	ルシフェル	Lucifer	ラテン語	明けの明星（ラテン語）。母名より連想
2021	57	2257	サトノオニキスの2021	ブラックルチル	Black Rutile	英語	パワーストーンの一種。母名より連想
2021	58	2258	レーヴドゥラメールの2021	レアリゼアンレーヴ	Realiser un Reve	仏語	夢を叶える（仏）。母名より連想
2021	59	2259	シンハリーズの2021	ナインストーンズ	Nine Stones	英語	スリランカのお守りナワラトゥナの英語名。母名より連想
2021	60	2260	マンビアの2021	レザンクレール	Raisins Clairs	仏語	グアドループ島のビーチ名。母名より連想
2021	61	2261	アディクティドの2021	アッファシナンテ	Affascinante	伊語	妖艶、魅力的（伊）。母名より連想
2021	62	2262	ディーパワンサの2021	マハーワンサ	Mahavamsa	シンハラ語	古代スリランカの編年史的叙事詩「大王統史」。母名より連想
2021	63	2263	ビートリックスキッドの2021	ザブライド	The Bride	英語	バラの品種名。母名より連想
2021	64	2264	ココシュニックの2021	フェロニエール	Ferroniere	仏語	細い鎖等を頭部に巻いた装飾品。母母名、母名より連想
2021	65	2265	アドマイヤローザの2021	グレッソネイ	Gressoney	仏語	イタリアのモンテローザ山群の麓にある谷の１つ。母名より連想
2021	66	2266	リスグラシューの2021	シュヴェルトリリエ	Schwertlilie	独語	「刀のユリ」という意味のアヤメの別名（独）。本馬の誕生花
2021	67	2267	ディアデラマドレの2021	ログラール	Lograr	西語	成就する（西）。一族の悲願を成就する
2021	68	2268	ペルレンケッテの2021	ミルテンベルク	Miltenberg	独語	マイン川の真珠と言われるドイツの街。母名より連想
2021	69	2269	レネットグルーヴの2021	トルタディメーレ	Torta  di  Mele	伊語	りんごを使ったイタリアのお菓子。母名より連想
2021	70	2270	マルティンスタークの2021	ローゼンモンターク	Rosenmontag	独語	薔薇の月曜日（独）。カーニバルの最高潮。母名より連想
2021	71	2271	グリューヴァインの2021	リューデスハイム	Rudesheim	独語	ドイツのライン渓谷にあるブドウ畑に囲まれた歴史ある街。母名より
2021	72	2272	クルークハイトの2021	ルフトクス	Luftkuss	独語	投げキッス（独）。父名、母名より連想
2021	73	2273	オーマイベイビーの2021	ヴィスマール	Wismar	独語	煉瓦建築が有名なドイツの都市。父名より連想
2021	74	2274	ラプソディーアの2021	フルラーナ	Furlana	伊語	イタリアの速いリズムの伝統的なダンス。母母名、母名より連想
2021	75	2275	アロマドゥルセの2021	ガルバナム	Galbanum	英語	神聖な香りを持つ香料。母名より連想
2021	76	2276	レイリオンの2021	ピュアスマイル	Pure Smile	英語	純粋（ユリの花言葉）＋笑顔。母名より連想
2021	77	2277	ヴィートマルシェの2021	マルチャレアル	Marcha Real	西語	スペインの国歌の国王行進曲。母名より連想
2021	78	2278	リッチダンサーの2021	ウィンターガーデン	Winter Garden	英語	社交ダンス世界三大大会の会場名より。母名より連想
2021	79	2279	ヒストリックスターの2021	コルレオニス	Cor Leonis	ラテン語	王の星とも呼ばれる、しし座α星の別名。父名、母名より連想
2021	80	2280	ギーニョの2021	エルサビオ	El Sabio	西語	賢王（西）。父名より連想
2021	81	2281	ライジングクロスの2021	フェアアイル	Fair Isle	英語	十字架などのモチーフが編み込まれたニット柄。父名、母名より連想
2021	82	2282	カイカヨソウの2021	フルレゾン	Fleuraison	仏語	花の開花（仏）。母名より連想
2021	83	2283	クイックリトルミスの2021	ライジングアロー	Rising Arrow	英語	上昇矢印。本馬の特徴的な流星模様よりイメージ。頂点を目指して
2021	84	2284	アピールⅡの2021	レトリカル	Rhetorical	英語	言葉を巧みに用いて美しく表現する技法より。母名より連想
2021	85	2285	ハーレクイーンの2021	レドンホール	Leadenhall	英語	イギリスにある最も古い市場の名前。母の生産国より連想
2021	86	2286	ローズノーブルの2021	ラントリサント	Llantrisant	英語	英国の王立造幣局がある町。母名より連想
2021	87	2287	ピエリーナの2021	バレルターン	Barrel Turn	英語	バレエダンサーの技名。母名より連想
2021	88	2288	グレイシアブルーの2021	パステルツェ	Pasterze	ポーランド語	オーストリアにある氷河の名前。母名より連想
2021	89	2289	ヴィアンローズの2021	アルジャヒリ	Al Jahili	アラビア語	アルアイン遺跡群のひとつアルジャヒリ城塞より。父名より連想
2021	90	2290	ムーングロウの2021	アーマルコライト	Armalcolite	英語	アポロ11号の船員が月面で発見した希少な石。母名より連想
2021	91	2291	ブリトマルティスの2021	ラダマンテュス	Rhadamanthus	ラテン語	ギリシャ神話に登場する金髪の人物。鬣と母名より連想
2021	93	2293	ブランシェクールの2021	クールソリッド	Coeur Solide	仏語	強い心（仏）。強い心を持った馬生になるよう。母名より連想
2021	94	2294	ジルズパレスの2021	コールブランド	Collbrande	ラテン語	聖剣エクスカリバーの別名。父名より連想
2021	95	2295	ティッカーテープの2021	グランドマーシャル	Grand Marshal	英語	パレードの顔、大トリ。母名のティッカーテープパレードより連想
2021	96	21096	ネオフレグランスの2021	セントメモリーズ	Scent Memories	英語	香り立つ思い出。本馬の誕生花「忘れな草」の花言葉と母名より
2021	97	21097	エイコンドライトの2021	ダイオジェナイト	Diogenite	英語	HED隕石の仲間の1つで、石質隕石のエイコンドライトに含まれる
2021	98	21098	マルケッサの2021	バロネッサ	Baronessa	伊語	男爵位を持つ女性、女の男爵（伊）。母名から連想
2021	99	21099	ノイエルの2021	イスタンテ	Istante	伊語	瞬間、一瞬（伊）。父フランケルの様に一瞬、瞬間で差をつけてほしい
2021	100	21100	カイゼリンの2021	ブロードグリン	Broad Grin	英語	破顔一笑、喜色満面。母母名から
2021	101	21101	アドヴェントスの2021	ゴーディアンノット	Gordian Knot	英語	ゴルディアスの結び目。父名より連想
2021	102	21102	ミスベジルの2021	ルディック	Ludique	仏語	遊び心（仏）。父名より連想
2020	1	2101	ナスケンアイリスの2020	プロテア	Protea	英語	花の名前。花言葉は「王者の風格」。母名より連想
2020	2	2102	コケレールの2020	スティルディマーレ	Still di Mare	英語、伊語	静かな＋海（伊）。父名より連想
2020	3	2103	ラドラーダの2020	ラディアンシア	Radiancia	西語	輝き（西）。兄達の様な黄金の輝きを放つのを願い。母、兄名より連想
2020	4	2104	シーザリオの2020	テンペスト	Tempest	英語	嵐。シェイクスピアが単独で執筆した最後の戯曲。母名より連想
2020	6	2106	クルージンミジーの2020	ファンネルマーク	Funnel Mark	英語	船の煙突に表示されている船会社のマーク。母名より連想
2020	7	2107	マイハッピーフェイスの2020	レディエンフェイス	Radiant Face	英語	輝き晴れやかな顔。母名より連想
2020	8	2108	ローガンサファイアの2020	ゴールドシーン	Gold Sheen	英語	近年発見された金色に輝く新種のサファイア。母名および毛色より連想
2020	9	2109	バウンスシャッセの2020	レヴォルタード	Revoltade	仏語	技巧的な跳躍の一種（バレエ用語）。母名より連想
2020	10	2110	プルメリアスターの2020	ココクレーター	Koko  Crater	英語	プルメリアが有名な植物園があるハワイの地名。母名より連想
2020	11	2111	モアザンセイクリッドの2020	ドゥレッツァ	Durezza	伊語	激しさ、厳しさ（音楽用語）。父名より連想
2020	12	2112	ステファニーズキトゥンの2020	バロンゾラーレ	Ballonzolare	伊語	飛び跳ねる（伊）。母名より連想
2020	13	2113	ブリガアルタの2020	マルグアレイス	Marguareis	伊語	伊仏の国境線上にあるリグリアアルプスの最高峰。母名より連想
2020	14	2114	ルージュバックの2020	フレーヴァード	Flavored	英語	ワイン製法の一つ。母名より連想
2020	15	2115	ケイティーズハートの2020	ペリファーニア	Perifania	希語	誇り（ギリシャ語）。兄名より連想
2020	16	2116	シュピッツェの2020	エルフォルク	Erfolg	独語	成功（独）。母名より連想
2020	17	2117	エンジェルフォールの2020	グランサバナ	Gran Sabana	西語	ベネズエラ東部のギアナ高地に広がる平原。母名より連想
2020	18	2118	バイラオーラの2020	ソレア	Solea	西語	フラメンコのリズムの一つ。母名より連想
2020	19	2119	メジロシャレードの2020	レイクトロシュナ	Lake Tolochenaz	仏語	湖＋スイスにある湖畔の町の名。母名より連想
2020	20	2120	プンタステラの2020	スティールウィル	Steel Will	英語	鋼の意思。父名より連想
2020	21	2121	エクストラペトルの2020	アンスリウム	Anthurium	英語	本馬の誕生花。母名より連想
2020	22	2122	マイティースルーの2020	フェブランシェ	Fee Blanche	仏語	白い妖精(仏）。本馬の毛色より連想
2020	23	2123	ワシントンレガシーの2020	ハリケーンリッジ	Hurricane Ridge	英語	ワシントン州にあるオリンピック国立公園の名所の一つ。母名より連想
2020	24	2124	ロスヴァイセの2020	スキルヴィング	Skilfing	英語	北欧神話の主神オーディンの別称。高座につくものの意。母名より連想
2020	25	2125	シンハディーパの2020	ディバイングレース	Divine Grace	英語	神の恵み。 母名より連想
2020	26	2126	ヒカルアモーレの2020	ルクスグローリア	Lux Gloria	ラテン語	栄光の輝き（ラテン語）。 父名、母名より連想
2020	28	2128	アドマイヤアロマの2020	フラグランツァ	Fragranza	伊語	芳香（伊）。 母名より連想
2020	29	2129	フェルミオンの2020	フェルミディラック	Fermi Dirac	英語	電子などのフェルミ粒子が熱平衡にある場合の分布を表す関数
2020	30	2130	ココファンタジアの2020	ファンタジスタ	Fantasista	伊語	規格外の（並外れて優秀な）人（伊）
2020	31	2131	クローバーリーフの2020	イルディヴィーノ	Il Divino	伊語	人名愛称
2020	32	2132	パルティトゥーラの2020	タスティエーラ	Tastiera	伊語	(楽器の)キーボード（伊）。母名より連想
2020	33	2133	マルティンスタークの2020	サヴァリア	Savaria	ラテン語	聖マルティヌスの生誕地。母名より連想
2020	34	2134	ポロンナルワの2020	ラクサパーナ	Laxapana	英語	スリランカの美しい滝の名。母名より連想
2020	35	2135	ビットレートの2020	クエイヴァー	Quaver	英語	８分音符。当馬の額が８分音符を連想させるため
2020	37	2137	ユールフェストの2020	オルフェスト	Or Fest	仏語	金色（仏）＋祭。父名、母名より連想
2020	38	2138	レオパルディナの2020	パンテーラネーラ	Pantera Nera	伊語	黒豹（伊）。母名、本馬の毛色より連想
2020	40	2140	スーブレットの2020	ラリーレイド	Rally Raid	英語	砂やジャングルなど自然の中を走破する冒険レース
2020	41	2141	アドヴェントスの2020	ラトレイア	Latreia	希語	神にのみに捧げられる礼拝。母名より連想
2020	42	2142	フォトコールの2020	ブレガーロード	Bregagh Road	英語	北アイルランドの幻想的な美しい道。母の故郷と父名より連想
2020	43	2143	ウィープノーモアの2020	キープスマイリング	Keep Smiling	英語	笑みを絶やさない。誰もが笑顔になれることを願って。母名より連想
2020	44	2144	アヴェンチュラの2020	トラヴォルジェンテ	Travolgente	伊語	圧倒的な（伊）。父と母が見せた力、存在感を受け継ぐことを願って
2020	45	2145	アディクティドの2020	アルアリング	Alluring	英語	魅力的な。母名より連想
2020	46	2146	フロアクラフトの2020	ポルカリズム	Polka Rhythm	英語	ダンス用語。社交ダンスのバランスの一種。母名より連想
2020	48	2148	ホットスウェルの2020	レイジングウェイブ	Raging Wave	英語	荒波。母名より連想
2020	49	2149	ハヴユーゴーンアウェイの2020	サンジュリオ	San Giulio	伊語	サンジュリオ島。イタリアのオルタ湖に浮かぶ島。生産牧場より連想
2020	50	2150	インナーレルムの2020	ハイアーレルム	Higher Realm	英語	より高い領域。母名より連想
2020	51	2151	クルミナルの2020	プレドミナル	Predominar	西語	優勢である、優位に立つ（西）。母名の響きより連想
2020	52	2152	エールデュレーヴの2020	オクタグラム	Octagram	英語	公現祭で3博士を導いたベツレヘムの星の象徴。父名より連想
2020	53	2153	レイリオンの2020	ラレーヌデリス	La Reine des Lys	仏語	ユリの女王（仏）。母名より連想
2020	54	2154	トータルヒートの2020	サーマルソアリング	Thermal Soaring	英語	スカイスポーツ用語。熱上昇風を利用して高度を獲得するテクニック
2020	55	2155	リーチングの2020	リーチエミネンス	Reach Eminence	英語	名声を得る。母名より連想
2020	56	2156	コルコバードの2020	パンデアスカル	Pao de Acucar	ポルトガル語	リオデジャネイロ市の南東端にある岩峰。母名より連想
2020	57	2157	ディオジェーヌの2020	ディオファントス	Diophantus	英語	人名より。母名より連想
2020	58	2158	スペクトロライトの2020	ユレマー	Ylamaa	フィンランド語	鉱石の産出されるフィンランドの地方の名前。母名より連想
2020	59	2159	グランデアモーレの2020	ハートループ	Heart Loop	英語	アクロバット飛行の技名。母名より連想
2020	60	2160	リリカルホワイトの2020	クールブロン	Coeur Blanc	仏語	真っ白な心、汚れのない心（仏）。母名より連想
2020	61	2161	ラフォルジュルネの2020	ボーマルシェ	Beaumarchais	仏語	人名より。母名より連想
2020	62	2162	ディアデラノビアの2020	メグスタス	Me Gustas	西語	(告白時の)好きです（西）。母名より連想
2020	63	2163	ライジングクロスの2020	ライジングホープ	Rising Hope	英語	希望が増大する。母名より連想
2020	64	2164	ラカリフォルニーの2020	モンテコルノ	Monte Corno	伊語	イタリアの北西から南東へ延びる山脈の最高峰にある山
2020	65	2165	サンブルエミューズの2020	ラヴェル	Ravel	仏語	人名より。母名より連想
2020	66	2166	プラチナブロンドの2020	ガーランドスタイル	Garland Style	英語	プラチナとダイヤモンドを素材とするジュエリーの装飾スタイル
2020	67	2167	ピースエンブレムの2020	ブルーペクトライト	Blue Pectolite	英語	愛と平和の象徴とされる宝石名。父名、母名より連想
2020	68	2168	エレガントマナーの2020	ラッフィナート	Raffinato	伊語	おしゃれな、上品な（伊）。母名より連想
2020	69	2169	アウェイクの2020	ブライトサイン	Bright Sign	英語	明るい兆し。父名、母名より連想
2020	70	2170	ローズノーブルの2020	ミントマーク	Mint Mark	英語	貨幣を鋳造した場所を特定するための刻印。母名より連想
2020	71	2171	ジュモーの2020	シュタイナー	Steiner	英語	人名より。母名より連想
2020	72	2172	フォルテピアノの2020	ストリンジェンド	Stringendo	英語	だんだん速く（音楽用語）。母名より連想
2020	73	2173	ピュアブリーゼの2020	フェアリーピコ	Fairy Pico	英語	シクラメンの品種。誕生花より連想
2020	74	2174	グレイシアブルーの2020	ブリックスダール	Briksdal	ノルウェー語	ノルウェーにある氷河。母、兄名より連想
2020	75	2175	クレオールの2020	ノヴィアル	Novial	英語	国際補助言語の一つ。母名より連想
2020	76	2176	エスティタートの2020	ヴィヴィッシモ	Vivisimo	伊語	生き生きと（音楽用語）。母名より連想
2020	77	2177	ココシュニックの2020	ハンベルジャイト	Hambergite	英語	稀少な白色の宝石。母名より連想
2020	78	2178	ピンクアリエスの2020	ラスハンメル	Ras Hammel	アラビア語	おひつじ座で一番明るい恒星。母名より連想
2020	79	2179	ラテアートの2020	クロスリーフ	Cross Leaf	英語	ラテアートの種類である十字の木葉。母名より連想
2020	80	2180	シェルズレイの2020	レイアネラ	Lei Anela	ハワイ語	母名の一部+女神（ハワイ語）。勝利の女神になることを願って
2020	81	2181	シャンドランジュの2020	セラフィックコール	Seraphic Call	英語	熾天使の宣言。母名より連想
2020	82	2182	ホワイトミーティアの2020	ウインターズテイル	Winter’s Tale	英語	シェイクスピアの作品、冬物語の原題。父名、母名より連想
2020	83	2183	リリウムの2020	メガラニカ	Magallanica	英語	仮説上の巨大な大陸。父名、本馬の馬格より連想
2020	84	2184	グリューヴァインの2020	シラーヴァイン	Schillerwein	独語	ドイツ、ヴュルテンベルグ産の黒と白のブドウを混ぜて造ったワイン
2020	85	2185	カニョットの2020	パルメリータ	Palmerita	西語	アルゼンチンの郷土菓子。母の母国より連想
2020	86	2186	シンハリーズの2020	ジャミーレ	Jamileh	ペルシャ語	「美しい」、「才能溢れる」という意味の人名より。そのような走りを
2020	87	2187	グローバルビューティの2020	パルクリチュード	Pulchritude	英語	容姿端麗。母名より連想
2020	88	2188	キャヴァルドレの2020	プロトポロス	Protoporos	希語	先駆者（ギリシャ語）。父名より連想。競馬界に新たな道を切り拓く
2020	89	2189	ブリトマルティスの2020	ラビュリントス	Labyrinthos	英語	ギリシャ神話に登場するクレタ島にある迷宮。母名より連想
2020	90	2190	ライクザウインドの2020	エオリエンヌ	Eolienne	仏語	風車（仏）。母名より連想
2020	91	2191	ネオフレグランスの2020	マリンノート	Marine Note	英語	香水の香調で海をイメージされたもの。母名より連想
2020	92	2192	ナムラバイオレットの2020	ルーラルハピネス	Rural Happiness	英語	黄色いスミレの花言葉「田園の幸福」。母名と本馬の誕生花より連想
2020	93	2193	メリートの2020	ウィットサンデー	Whitsunday	英語	オーストラリアにある群島。母の出生地及び父名と母名より連想
2020	94	2194	トウカイライフの2020	レーベンスティール	Lebensstil	独語	生き様（独）。父名、母名より連想。生き様で魅了する馬になるように
2020	95	2195	ラクアミの2020	シテ	Shite	日本語	仕手。能や狂言の主役の意味。母名より連想
2020	96	2196	グランデセーヌの2020	オーディトリアム	Auditorium	仏語	劇場の観客席。パフォーマンスを見聞きする場。母名より連想
2020	97	2197	ウェイヴェルアベニューの2020	ソパーズレーン	Sopers Lane	英語	イギリス、プール地方の通り名。母名より連想
2020	98	2198	アデレードヒルの2020	ハーンドルフ	Hahndorf	英語	アデレードヒルズに位置する街の名称。母名より連想
2019	1	2001	デックドアウトの2019	フォレスクライト	Volles Kleid	独語	正装（独）。母名より連想。大舞台を制し、正装で式典に臨む
2019	2	2002	ヒルダズパッションの2019	フィアレスデザイア	Fearless Desire	英語	大胆な欲望。大舞台での活躍を願って。母名より連想
2019	3	2003	ティズトレメンダスの2019	ティズグロリアス	Tiz Glorious	英語	母名の一部＋輝かしい、華麗な。名前のような活躍を願って
2019	4	2004	ファイナルディシジョンの2019	ファイナルアンサー	Final Answer	英語	母名より連想。みんなの期待に応えるという意味も込めて
2019	5	2005	サミターの2019	ディエルメス	Diermmes	英語	サーミ神話に登場する雷の神。母名より連想
2019	6	2006	ハープスターの2019	ライラスター	Lyra Star	英語	琴座の星。母、母母名より連想
2019	7	2007	ルージュバックの2019	ブラーバック	Boulard Buck	英語	カルバドスをジンジャーエールで割ったカクテル名。母名より連想
2019	8	2008	シーズンズベストの2019	トリメストラーレ	Trimestrale	伊語	四季（伊）。母名より連想
2019	9	2009	ティロレスカの2019	サパーダ	Zapada	西国	強力に、荒々しく、タンゴのリズムを刻む（西）。父名より連想
2019	10	2010	ヒストリックスターの2019	ライリッズ	Lyrids	英語	こと座流星群。ベガのこと座から何度も輝きが放たれることを願って
2019	11	2011	ピュアブリーゼの2019	ヴィルトブリーゼ	Wild Brise	独語	荒々しい風（独）。父名と母名より連想
2019	12	2012	シェルズレイの2019	レイフル	Lei Hulu	ハワイ語	鳥の羽で作られたハワイの伝統的な装飾品。母名より連想
2019	14	2014	ディアデラマドレの2019	レガラール	Regalar	西語	贈る（西）。母にＧＩのタイトルを贈ることを期待して
2019	15	2015	バウンスシャッセの2019	グランプレジール	Grand Plaisir	仏語	大いなる喜び（仏）。姉の名からの連想と、歓喜の勝利を願って
2019	16	2016	ヴィータアレグリアの2019	ピエナディヴィータ	Piena di Vita	伊語	活気にあふれた（伊）。母名より連想
2019	17	2017	アンレールの2019	アンクロワ	En Croix	仏語	バレエ用語。足を前、横、後ろの三方向に出すこと。母名より連想
2019	18	2018	クレオールの2019	エスペラント	Esperanto	エスペラント語	母語の異なる人々の意思伝達を目的とする国際補助語。母名より連想
2019	19	2019	オリエンタルポピーの2019	アイスランドポピー	Iceland Poppy	英語	ケシ科ケシ属の多年草。母名より連想
2019	20	2020	ブルーメンブラットの2019	フォラブリューテ	Voller Blute	独語	満開（独）。母の産駒の集大成として花咲き誇って欲しい願いを込めて
2019	21	2021	ケイティーズハートの2019	ヴァンガーズハート	Vanguard’s Heart	英語	先駆者の心。父名、母名より連想
2019	22	2022	クルミナルの2019	アライバル	Arrival	英語	到達。競馬界の頂点に達するよう願いをこめて。母名より連想
2019	23	2023	エールデュレーヴの2019	スプレッドアウト	Spread Out	英語	広がる。母から授かった翼を広げ大舞台での活躍を期待して
2019	24	2024	ヴェルジョワーズの2019	シュガービート	Sugar Beet	英語	甜菜。母名より連想
2019	25	2025	スペルオンミーの2019	スマイルオンミー	Smile on Me	英語	微笑んで。世界に笑顔をもたらす走りを願い。母名より連想
2019	26	2026	アウェイクの2019	ウェイクアップ	Wake Up	英語	目を覚ますような走りを期待して。母名より連想
2019	27	2027	アールブリュットの2019	パラレルヴィジョン	Parallel Vision	英語	４ヶ国で開催された生の芸術を集めた展覧会。母名より連想
2019	28	2028	ムーンライトダンスの2019	ルナマーレ	Lunar Mare	英語	月の海（月の黒い部分の俗称）。母名、父名より連想
2019	29	2029	サダムグランジュテの2019	グランパドゥシャ	Grand Pas de Chat	仏語	バレエ用語。母名より連想
2019	30	2030	カラベルラティーナの2019	トライセイル	Trysail	英語	嵐の際、風に対抗するために設置される帆。母名より連想
2019	31	2031	ペルレンケッテの2019	グレアファンタス	Glare Fantas	英語	輝き＋幻想的な（Ｆａｎｔａｓｙ）より。幻想的な眩しい輝き
2019	32	2032	リーチコンセンサスの2019	ジェネラルウィル	General Will	英語	総意。母名より連想
2019	33	2033	ティンバレスの2019	パーカッション	Percussion	英語	打楽器。母名より連想
2019	34	2034	エクストラペトルの2019	ロータスペトル	Lotus Petal	英語	睡蓮の花びら。母名より連想
2019	35	2035	クルージンミジーの2019	オールフラッグ	All Flag	英語	満船飾。競馬界を飾り立てるような活躍を願って。母、母父より連想
2019	36	2036	ムスタパルタの2019	パルタージュ	Partage	仏語	分かち合う（仏）。幸せや喜びを皆で分かち合いたい。母名より連想
2019	37	2037	オーマイベイビーの2019	クレイドル	Cradle	英語	ゆりかご。母名より連想
2019	38	2038	フェルミオンの2019	ダイバリオン	Dibaryon	英語	６つのクォークから構成される仮説上の複合粒子。母名より連想
2019	39	2039	ロザリンドの2019	アルドゥエンナ	Arduenna	ラテン語	「お気に召すまま」原作の舞台であるアルドゥエンナの森より
2019	40	2040	ピンクアリエスの2019	ローゼシュティア	Rose Stier	独語	薔薇（独）＋おうし座（独）。母名のピンクにちなんで
2019	41	2041	グリューヴァインの2019	ミッテルライン	Mittelrhein	独語	ライン川中流域にあるドイツワインの産地。母名より連想
2019	42	2042	サザンスピードの2019	サザンクロス	Southern Cross	英語	南十字星。母名より連想
2019	43	2043	ソングバードの2019	ハミングバード	Humming Bird	英語	ハチドリ。母名より連想
2019	44	2044	ロスヴァイセの2019	ヴァーンフリート	Wahnfried	独語	リヒャルト・ワーグナー旧居の名前
2019	45	2045	リーチングの2019	ブロードリーチ	Broad Reach	英語	ヨット用語。風が真横より後ろから吹いている状態。母名より連想
2019	46	2046	キラーグレイシスの2019	キラーアビリティ	Killer Ability	英語	素晴らしい能力、才能。母名、一族名より連想
2019	47	2047	ピースアンドウォーの2019	デイジーラック	Daisy Luck	英語	ヒナギク（花言葉は希望）＋幸運。希望と幸運を
2019	48	2048	シンハライトの2019	アルジュナ	Arjuna	サンスクリット語	ヒンドゥー教の聖典の一つマハーバーラタに登場する大英雄の名前
2019	49	2049	フロアクラフトの2019	アレマーナ	Alemana	西語	スパニッシュダンスの踊りの動き。母名より連想
2019	50	2050	クルソラの2019	セレシオン	Seleccion	西語	アルゼンチンサッカートップチームの愛称。母名より連想
2019	51	2051	ファイナルスコアの2019	プレミアスコア	Premiere Score	英語	最高の得点。母名より連想
2019	52	2052	マルティンスタークの2019	アルトシュタット	Altstadt	独語	マルティン祭が行われるデュッセルドルフの旧市街地名。母より連想
2019	53	2053	サンビスタの2019	ジレトール	Diretor	ポルトガル語	サンバの指揮者。母名より連想
2019	55	2055	ジンジャーパンチの2019	プレミアムスマイル	Premium Smile	英語	ジンジャーエールを使ったカクテル。笑顔にしてくれる走りを期待して
2019	56	2056	ギモーヴの2019	スモア	S’more	英語	米国、加国で人気の伝統的な菓子名。母名より連想
2019	57	2057	シャムロッカーの2019	トリフォリウム	Trifolium	英語	クローバーの仲間の属名。葉が３枚あることに由来。母名より連想
2019	58	2058	リッチダンサーの2019	ラクスバラディー	Raqs Baladi	英語	ベリーダンスの民俗舞踊。華やかに着飾り大舞台をめざして欲しい
2019	59	2059	ディアマイベイビーの2019	ゲイングラウンド	Gain Ground	英語	進撃して陣地を得る、前進する
2019	60	2060	アビラの2019	ラスマドレス	Las Madres	西語	聖テレサがスペインのアビラに建設した修道院。母名より連想
2019	61	2061	プルメリアスターの2019	セラディーン	Celadine	英語	レイに使われるハワイの花。母名より連想
2019	62	2062	テネイシャスの2019	フォースクエア	Foursquare	英語	確固とした勝利への意志。母名より連想
2019	63	2063	リラヴァティの2019	ホートンプレインズ	Horton Plains	シンハラ語	スリランカにある国立公園。母名より連想
2019	64	2064	グランデアモーレの2019	グランデレジーナ	Grande Regina	伊語	母名の一部＋女王、王妃（伊）
2019	65	2065	ディアデラノビアの2019	グランディア	Gran Dia	西語	素晴らしい日（西）。母名より連想
2019	66	2066	ジュモーの2019	フォアランナー	Forerunner	英語	先駆者。父名より連想
2019	67	2067	サンブルエミューズの2019	ナミュール	Namur	仏語	サンブル川とミューズ川が合流するベルギーの都市。母名より連想
2019	68	2068	シャルールの2019	トランキリテ	Tranquillite	仏語	冷静（仏）。母名より連想
2019	69	2069	ベルディーヴァの2019	ベルシャンテ	Belle Chanter	仏語	美しく歌う（仏）。母名より連想
2019	70	2070	アスティルの2019	シエルエトワール	Ciel Etoile	仏語	星空（仏）。人の目を奪う星空の様な輝きを期待して。母名より連想
2019	71	2071	リュシオルの2019	グリューヴルム	Gluhwurm	独語	蛍（独）。母名より連想
2019	73	2073	ワナダンスの2019	コルティーナ	Cortina	西語	アルゼンチンタンゴのパーティで流れる曲の間奏
2019	74	2074	レオパルディナの2019	ジャグアーロ	Giaguaro	伊語	ジャガー（伊）。母名より連想。強くなって欲しいとの意味を込めて
2019	75	2075	カイカヨソウの2019	カイカノキセキ	Kaikano Kiseki	日本語	開花の軌跡。開花へたどった道筋。父名、母名より連想
2019	76	2076	カニョットの2019	セレステイブランコ	Celeste y Blanco	西語	空色と白（西）。アルゼンチン、サッカー代表の愛称。母の生産国より
2019	77	2077	シンハディーパの2019	シンハプーラ	Simha Pura	サンスクリット語	ライオンの町（サンスクリット）。母名より連想
2019	78	2078	プリンセスカメリアの2019	リゴレット	Rigoletto	伊語	ヴェルディのオペラ。「風の中の羽のように」の一節が登場する
2019	79	2079	ブリトマルティスの2019	ラブリュス	Labrys	ラテン語	女神ブリトマルティスが持っていたとされる両刃斧。母名より連想
2019	80	2080	ラフォルジュルネの2019	カルネドボヤージュ	Carnets de Voyage	仏語	旅から生まれた物語（仏）。母名より連想
2019	81	2081	レインボーソングの2019	シャルムランプ	Charme Lampe	仏語	魔法のランプ（仏）。父名より連想
2019	82	2082	コンヴィクションⅡの2019	クレエンシア	Creencia	西語	信念（西）。母名より連想
2019	83	2083	ユールフェストの2019	ジェノランケーブ	Jenolan Cave	英語	オーストラリアの世界最古の鍾乳洞。母名より連想
2019	84	2084	イマーキュレイトキャットの2019	イングレーヴ	Engrave	英語	刻印。名前を刻んで欲しいと願って
2019	85	2085	シンハリーズの2019	スリーパーダ	Sri Pada	シンハラ語	スリランカの聖山。「聖なる足跡」の意。母名より連想
2019	86	2086	シャレードスマイルの2019	スマイルアプローズ	Smile Applause	英語	笑顔の喝采
2019	87	2087	タリサの2019	ダグザ	Dagda	英語	ケルト神話の最高神
2019	88	2088	オーラレガーレの2019	フィリオデルソル	Figlio del Sol	伊語、西語	子（伊）＋太陽（西）。太陽の子。母名より連想
2019	89	2089	アンソロジーの2019	プライルード	Praelude	ラテン語	前奏曲（ラテン語）。母名より連想
2019	90	2090	レッドソンブレロの2019	スカーレットピース	Scarlet Piece	英語	緋色の一片。母系より連想
2019	91	2091	パールズシャインの2019	パールズウィッシュ	Pearl’s Wish	英語	母名の一部＋願い。ケガに泣かされた母パールズシャインの願いを託す
2019	92	2092	ギャラリートークの2019	アートクリティック	Art Critic	英語	美術評論家。母名より連想
2019	93	2093	ボージェストの2019	ソネットフレーズ	Sonnet Phrase	英語	ピンクカーネーションの品種。花言葉は「美しい仕草」。母名より連想
2019	94	2094	ラフィエスタの2019	サーマルウインド	Thermal Wind	英語	熱上昇風。上昇気流に乗るように活躍して欲しい。母系より連想
2019	95	2095	マリアライトの2019	カルセドニー	Chalcedony	英語	縁をもたらすパワーストーン。母母名より連想
2019	96	2096	アブソルートリーの2019	メルヴィル	Melville	英語	オーストラリアの島名。父名と母馬の生産国より連想
2019	97	2097	マニーズオンシャーロットの2019	ウィングヘヴン	Wing Haven	英語	ノースカロライナ州シャーロットにある公園。母名より連想
2018	1	1901	ヒストリックスターの2018	アークライト	Arc Light	英語	ベガ（こと座の一等星）の異名「空のアーク灯」より
2018	2	1902	スノースタイルの2018	ペルスネージュ	Perce Neige	仏語	雪の花、スノードロップ（仏）。母名より連想
2018	3	1903	ラドラーダの2018	アルマドラード	Alma Dorado	西語	黄金の魂（西）。母名、兄名より連想
2018	4	1904	アヴェンチュラの2018	サファル	Safar	アラビア語	探検旅行（アラビア語）。サファリの原語。母父名と母名より連想
2018	5	1905	サンブルエミューズの2018	ヴァルドレス	Valdres	英語	ノルウェーの行進曲。母名より連想
2018	6	1906	クルミナルの2018	ククナ	Kukuna	ハワイ語	太陽から降りそそぐ光（ハワイ語）。父名、母名より連想
2018	7	1907	アゼリの2018	フレイムタワー	Flame Tower	英語	炎の塔。母名より連想
2018	8	1908	ディアデラノビアの2018	ディオスバリエンテ	Dios Valiente	西語	勇敢な神（西）。 父名、母名より連想
2018	9	1909	シユーマの2018	シラクーザ	Siracusa	伊語	イタリアのシチリア島にある都市名。母母名より連想
2018	10	1910	バウンスシャッセの2018	グランワルツ	Grand Waltz	仏語	華やかな（仏）＋ワルツ。大きな舞台に立てるように
2018	11	1911	フロアクラフトの2018	ラヴォルタ	La Volta	英語	ダンス用語。16世紀以降に発展した社交ダンスの形式。母名より連想
2018	13	1913	ジュエルトウショウの2018	スタージュエル	Star Jewel	英語	輝きを放つ馬になってほしいとの願いを込めて。母名より連想
2018	14	1914	マリアライトの2018	オーソクレース	Orthoclase	英語	「不屈の精神」「目標の達成」の意味を持つパワーストーン
2018	15	1915	ケイティーズハートの2018	エフフォーリア	Efforia	希語	強い幸福感（ギリシャ語）。母名より連想
2018	16	1916	ローズノーブルの2018	シュプールロイヤル	Spur Royal	英語	ローズノーブル金貨を参考に発展改良された英国金貨
2018	17	1917	ヴァイスゴルトの2018	メイレンシュタイン	Meilenstein	独語	金字塔、道標（独）。母名より連想
2018	18	1918	ディアデラマドレの2018	フェットデメール	Fete des Meres	仏語	母の日（仏）。母名より連想
2018	19	1919	アートプリンセスの2018	フォーヴィスム	Fauvisme	仏語	20世紀初頭にフランスで起こった絵画運動。母名より連想
2018	20	1920	ヒルダズパッションの2018	リエヴェメンテ	Lievemente	伊語	軽やかに（音楽用語）。 父名より連想
2018	21	1921	ウィズザフロウの2018	ウィズザベスト	With the Best	英語	誰にも劣らずに。母名より連想
2018	22	1922	ブルーメンブラットの2018	ブルメンダール	Bloemendaal	蘭語	オランダ西部の「花の町」ハールレム近くにあるビーチリゾート
2018	23	1923	ピュアブリーゼの2018	ヴァンデスプワール	Vent d’Espoir	仏語	希望の風（仏）。母名より連想
2018	24	1924	ヴィータアレグリアの2018	ピアチェーレ	Piacere	伊語	歓喜（伊）。母名より連想
2018	25	1925	ローガンサファイアの2018	スターオブエイジア	Star of Asia	英語	母名と同じくスミソニアン博物館に収められているサファイアの名前
2018	26	1926	エカルラートの2018	カーディナル	Cardinal	英語	枢機卿の意。法衣の色に由来する深紅色。母名より連想
2018	27	1927	エンシェントヒルの2018	エンシェントアイル	Ancient Isle	英語	母名の一部＋父名の一部。古代の島
2018	28	1928	フォルテピアノの2018	フォルトゥナータ	Fortunata	伊語	幸運（伊）。母名の響きから連想
2018	29	1929	イグジビットワンの2018	トゥルーアート	True Art	英語	真の芸術。母名より連想
2018	30	1930	ロスヴァイセの2018	ロイバルト	Leubald	独語	曲名。母名より連想
2018	31	1931	マンドゥラの2018	ブラウシュヴァルツ	Blauschwarz	独語	青黒色（独）。黒潮の由来となった海の色。父名及び本馬の毛色より連想
2018	32	1932	ピエリーナの2018	ホワイトクロウ	White Crow	英語	天才バレエダンサーの半生を描いた映画名から。母名及び毛色より連想
2018	33	1933	ピュクシスの2018	エルピス	Elpis	希語	希望、予兆（ギリシャ語）。パンドラのピュクシスの中に有ったもの
2018	34	1934	ディアマイベイビーの2018	ラヴドワンズ	Loved Ones	英語	大切な人、家族。母名より連想
2018	35	1935	ビアンカシェボンの2018	フェアビアンカ	Fair Bianca	英語	イングリッシュローズの一種。母名より連想
2018	36	1936	ヒカルアモーレの2018	レガーメダモーレ	Legame d’Amore	伊語	愛の絆（伊）。父名、母名より連想
2018	37	1937	アビラの2018	サンヴィセンテ	San Vicente	西語	スペインのアビラにあるロマネスク教会。母名より連想
2018	38	1938	ピースエンブレムの2018	エターナルピース	Eternal Peace	英語	永遠の平和。母名より連想
2018	39	1939	マイティースルーの2018	スルーセブンシーズ	Through Seven Seas	英語	七つの海を越えて。父名、姉名より連想。世界中での活躍を願って
2018	40	1940	ヴェラブランカの2018	ワールドクルーズ	World Cruise	英語	世界旅行。世界で活躍する競走馬になることを願って
2018	41	1941	パーリーアヴェニューの2018	ムーンティアーズ	Moon Tears	英語	月のしずく。真珠の別名。母名より連想
2018	42	1942	ポロンナルワの2018	ガルフォート	Galle Fort	英語	大航海時代の面影を残すスリランカ南西部の城砦岬
2018	43	1943	ヴィアンローズの2018	シュヴァリエローズ	Chevalier Rose	仏語	薔薇の騎士（仏）。母名より連想
2018	44	1944	オーサムフェザーの2018	ジェムフェザー	Jem Feather	英語	宇宙実験棟の名＋羽。希望の羽
2018	45	1945	ウイングステルスの2018	デスティノアーラ	Destino Ala	伊語	運命の翼（伊）。母名より連想
2018	46	1946	アディクティドの2018	ヴェルナー	Werner	独語	戦士の意味を持つ人名より。強くたくましい競走馬になることを願って
2018	47	1947	シシリアンブリーズの2018	アレトゥーザ	Aretusa	伊語	シチリア島にある、妖精が姿を変えたとされる泉。母名より連想
2018	48	1948	リリサイドの2018	クローヴィス	Clovis	仏語	フルール・ド・リスを紋章とした、フランスの君主名。母名より連想
2018	49	1949	カニョットの2018	コートダルジャン	Cote d’Argent	仏語	フランス南西部にあるヨーロッパ有数のビーチ。母名より連想
2018	50	1950	シェアザストーリーの2018	コントゥール	Conteur	仏語	物語を読み聞かせる人（仏）。 母名より連想
2018	51	1951	バイラオーラの2018	サクロモンテ	Sacromonte	伊語	フラメンコの聖地であるスペインの地区名より。母名、兄弟名より連想
2018	52	1952	フェルミオンの2018	アイソスピン	Isospin	英語	素粒子物理学における量子数の一つ。母名より連想
2018	53	1953	エルミラドールの2018	エルカスティージョ	El Castillo	西語	マヤ文明で建てられたピラミッド。母名より連想
2018	54	1954	フィールザレースの2018	フィールザウィンド	Feel the Wind	英語	風を感じる。母名より連想
2018	55	1955	ペルレンケッテの2018	バンベルク	Bamberg	独語	「バイエルンの真珠」の名をもつドイツの街。母名より連想
2018	56	1956	カイゼリンの2018	ヴィルヘルム	Wilhelm	独語	人名より
2018	57	1957	ボンジュールココロの2018	コーディアル	Cordial	仏語	心からの（仏）。母名より連想
2018	58	1958	ケルシャンスの2018	ケルボヌール	Quel Bonheur	仏語	なんて幸せ（仏）。母名より連想
2018	59	1959	ヴィートマルシェの2018	バーデンヴァイラー	Badenweiler	独語	ドイツの行進曲。母名より連想
2018	60	1960	グランデアモーレの2018	グランデフィオーレ	Grande Fiore	伊語	大輪の花（伊）。母名より連想
2018	61	1961	シンハライトの2018	セブンサミット	Seven Summit	英語	７大陸最高峰。すべての大陸の競走での最高峰の活躍を願って
2018	62	1962	スパニッシュクイーンの2018	カスティーリャ	Castilla	西語	スペインの歴史的な地域名。母名より連想
2018	63	1963	シーザリオの2018	ルペルカーリア	Lupercalia	英語	古代ローマの神々を崇拝する祭りの一つ。母名、兄名より連想
2018	64	1964	リラヴァティの2018	ストゥーティ	Stutti	シンハラ語	ありがとう（シンハラ語）。母名より連想
2018	65	1965	ジュモーの2018	ファジェス	Falles	西語	バレンシアの火祭り。期間中は町中に人形が置かれる。母名より連想
2018	66	1966	イストワールの2018	ビオグラフィア	Biografia	伊語	伝記（伊）。後世に語り継がれる走りを願って。父名、母名より連想
2018	67	1967	ラフォルジュルネの2018	オスタークラング	Osterklang	独語	オーストリアの都市、ウィーンで行われる音楽祭。母名より連想
2018	68	1968	ツィンクルヴェールの2018	ヴェールアップ	Veil Up	英語	結婚式における儀式。母名より連想
2018	69	1969	アンレールの2018	レベランス	Reverence	英語	バレエ用語。尊敬の意で、挨拶の意味。 母名より連想
2018	70	1970	マルティンスタークの2018	ヴェックマン	Weckmann	独語	聖マルティン祭で配られるパンの名前。母名より連想
2018	71	1971	オリエンタルポピーの2018	シャーレイポピー	Shirley Poppy	英語	ケシ科ケシ属の花。和名ヒナゲシ。母名より連想
2018	72	1972	ムーングロウの2018	モントライゼ	Mondreise	独語	月旅行（独）。母名より連想
2018	73	1973	ユールフェストの2018	リリアンフェルス	Lilianfels	英語	オーストラリアにある通りの名。母名より連想
2018	74	1974	センシュアルドレスの2018	プルミエロール	Premier Role	仏語	主役（仏）。競馬の主役を担って欲しい。父名、母名より連想
2018	75	1975	プラチナブロンドの2018	ブッシュフェルト	Bushveld	南ア語	世界最大の白金族金属鉱床がある南アフリカの地域。母名より連想
2018	76	1976	クルージンミジーの2018	シーニッククルーズ	Scenic Cruise	英語	風光明媚で素晴らしい船旅。母名より連想
2018	77	1977	リーチコンセンサスの2018	フルヴォート	Full Vote	英語	満票。ファンに支持される活躍を願って。母名より連想
2018	78	1978	スペクトロライトの2018	アイリスクォーツ	Iris Quartz	英語	虹色に輝く水晶の名。母名より連想
2018	79	1979	ピンクアリエスの2018	ブラックアリエス	Black Aries	英語	父名の一部＋母名の一部。母名よりアリエス（おひつじ座）を継承
2018	80	1980	カラベルラティーナの2018	スクウェアセイル	Square Sail	英語	カラベル船に採用された四角い帆。母名より連想
2018	81	1981	コードネームの2018	ヴィジュネル	Vigenere	仏語	多表式の換字式暗号。母名より連想
2018	82	1982	シーズンズベストの2018	セツゲツフウカ	Setsugetsufuuka	日本語	雪月風花。四季折々の自然の美しい景色。季節を問わぬ活躍を期待して
2018	83	1983	ダンスウィズキトゥンの2018	キトゥンズワルツ	Kitten’s Waltz	英語	ショパンの「華麗なる円舞曲」の中の1曲の通称「子猫のワルツ」より
2018	84	1984	プロミストスパークの2018	トゥースパークル	To Sparkle	英語	きらきら光る。この世代の一番星となることを願って。母名より連想
2018	85	1985	ビスクドールの2018	サブルドール	Sable d’Or	仏語	黄金の砂（仏）。母名より連想
2018	86	1986	メガクライトの2018	ヒートアップハート	Heat Up Heart	英語	だんだん熱くなる心。最高潮でレースに臨め
2018	87	1987	カイカヨソウの2018	カイカセンゲン	Kaikasengen	日本語	開花宣言。才能が大きく花開く時を楽しみに。母名より連想
2017	1	1801	レインデートの2017	ブレッシングレイン	Blessing Rain	英語	祝福の雨。母名より連想
2017	2	1802	ミュージカルロマンスの2017	フォアシュピール	Vorspiel	独語	前奏曲（音楽用語）。母名より連想
2017	3	1803	ヒルダズパッションの2017	サンクテュエール	Sanctuaire	仏語	聖域（仏）。他馬を凌駕し人を魅了する神聖な走りを見せてほしい
2017	4	1804	サミターの2017	アクニディ	Aknidi	英語	サーミ神話に登場する太陽の娘。母名より連想
2017	5	1805	アディクティドの2017	サクセッション	Succession	英語	継承者。偉大な父を継ぐ馬になって欲しいとの願いを込めて
2017	6	1806	ポロンナルワの2017	アヌラーダプラ	Anuradhapura	英語	スリランカ北中部州にある古都名。母名より連想
2017	7	1807	ペルレンケッテの2017	バンデアミール	Band e Amir	英語	アフガニスタンにある６つの湖。別名「砂漠の真珠」。母名より連想
2017	8	1808	ローガンサファイアの2017	エルサフィーロ	El Zafiro	西語	最高級のサファイア（西）。母名より連想
2017	9	1809	マチカネエンジイロの2017	サクライロ	Sakurairo	日本語	桜の花のように人々から愛されるように。母、姉から連想
2017	10	1810	エクレールアンジュの2017	カドーダンジュ	Cadeau d’Ange	仏語	天使からの贈り物（仏）。母名より連想
2017	11	1811	フロアクラフトの2017	ピクチャーポーズ	Picture Pose	英語	ダンス用語の一種。母名より連想。勝利を決めた立ち姿を見せてほしい
2017	12	1812	クルミナルの2017	イルミナル	Iluminar	西語	照らす（西）。ターフを照らす光をイメージして
2017	13	1813	リッチダンサーの2017	クロスキー	Cross Key	英語	アイリッシュダンス特有のステップ。母名より連想
2017	14	1814	クルソラの2017	ラクンパルシータ	La Cumparsita	西語	アルゼンチン・タンゴを代表する曲名。母の生産国より連想
2017	15	1815	ウィーミスフランキーの2017	アクロアイト	Achroite	英語	３月７日の誕生石。不純物を含まない無色透明なトルマリン
2017	16	1816	シーディドアラバイの2017	ノーエクスキューズ	No Excuse	英語	言い訳無用。母名より連想
2017	17	1817	シーズンズベストの2017	シーズンズギフト	Season’s Gift	英語	季節の贈り物。母名より連想
2017	18	1818	フェルミオンの2017	フェルミスフィア	Fermi Sphere	英語	粒子が球状に分布する事。母名より連想
2017	19	1819	パラダイスコーブの2017	ラルワースコーヴ	Lulworth Cove	英語	世界自然遺産ジュラシックコーストの絶景の入江。母名より連想
2017	20	1820	カメリアローズの2017	バインドウィード	Bindweed	英語	ヒルガオ。花言葉で父名「絆」を表す
2017	21	1821	キューの2017	ベルクハイム	Bergheim	独語	ビリヤードの世界大会が初めて行われたドイツの地名。母名より連想
2017	22	1822	フォルテピアノの2017	アコルドエール	Accordeur	仏語	調律師（仏）。母名より連想
2017	23	1823	コケレールの2017	アヴァンセヴェリテ	Avancer Verite	仏語	前進する真理（仏）。母名より連想
2017	24	1824	ジャッキーテーストの2017	エクスプレッサー	Expresser	英語	表現者。父名より連想。大舞台で豊かな表現力を活かして欲しい
2017	25	1825	ドルチェリモーネの2017	アシェットデセール	Assiette Dessert	仏語	皿に綺麗に盛られたデザート。母名より連想
2017	26	1826	クロノロジストの2017	クロトノーナ	Clotho Nona	ギリシャ語、ラテン語	ギリシャ神話の女神＋クロトのラテン名、９番目（羅）。本馬は９番仔
2017	27	1827	ラドラーダの2017	アブソルティスモ	Absolutismo	西語	絶対王政（西）。兄より連想
2017	28	1828	イグジビットワンの2017	マスターワーク	Masterwork	英語	傑作、名作。母名より連想
2017	29	1829	マルティンスタークの2017	リグージェ	Liguge	仏語	聖マルティヌスが教化した西方教会初の修道院の名前。母名より連想
2017	30	1830	スルーレートの2017	タイダルフォース	Tidal Force	英語	潮汐を発生させる自然の力。父名と母名より連想
2017	31	1831	ヒカルアモーレの2017	フルジェンテ	Fulgente	伊語	輝く（伊）。母名より連想
2017	32	1832	ユールフェストの2017	ユールファーナ	Julstjarna	スウェーデン語	クリスマスに飾られる星のオーナメント。母名より連想
2017	33	1833	ディアデラノビアの2017	グレイトオーサー	Great Author	英語	偉大な著者。父名より連想。偉大な歴史を記して欲しいとの願いより
2017	34	1834	サンブルエミューズの2017	ヴェスターヴァルト	Westerwald	独語	曲名より。父の調教国、母名より連想
2017	35	1835	ゼマティスの2017	シェーネメロディ	Schone Melodie	独語	美しい旋律（独）。母名、父の調教国より連想
2017	36	1836	カロンセギュールの2017	マクラーレンベール	McLaren Vale	英語	南オーストラリア州のワインの産地。父の生産国、母名より連想
2017	37	1837	レインオアシャインの2017	サザンレインボー	Southern Rainbow	英語	南の虹。父名、母名より連想
2017	38	1838	タイトルパートの2017	リーディングパート	Leading Part	英語	主役。母名より連想
2017	39	1839	メガクライトの2017	フラムエトワール	Flamme Etoile	仏語	炎の星（仏）。父名より連想
2017	40	1840	パシフィックリムの2017	デイトライン	Date Line	英語	国際日付変更線。世界を股に掛ける馬になるように。母名より連想
2017	41	1841	クリソプレーズの2017	ヴァーダイト	Verdite	英語	不屈の精神と深い知恵を与えるパワーストーン。母名より連想
2017	42	1842	レディドーヴィルの2017	トゥルーヴィル	Trouville	仏語	フランスの地名（ドーヴィルの隣町）。母名より連想
2017	43	1843	シェルズレイの2017	レイパパレ	Lei Papale	ハワイ語	帽子の縁の周りに飾るレイ（ハワイ語）。母名より連想
2017	44	1844	シンハリーズの2017	ライティア	Wrightia	英語	純白の綺麗な花の咲く木、セイロンライティアより。母名より連想
2017	46	1846	ディアマイベイビーの2017	キングサーガ	King Saga	英語	王＋壮大な物語。父名より連想
2017	47	1847	レディシャツィの2017	ナスタチューム	Nasturtium	英語	ペルー原産の花。母の生産国、本馬の毛色より連想
2017	48	1848	ヒストリックスターの2017	ゴールドティア	Gold Tier	英語	世界一美しい星空に与えられる称号。母系より連想
2017	49	1849	シーザリオの2017	ファーストフォリオ	First Folio	英語	シェイクスピアの戯曲をまとめて出版した最初の作品集。母名より連想
2017	50	1850	グランデアモーレの2017	グランデマーレ	Grande Mare	伊語	壮大な海（伊）。父名、母名より連想
2017	51	1851	ローズノーブルの2017	ジュビリーヘッド	Jubilee Head	英語	19世紀に英国で発行された祝祭記念の金貨。母名より連想
2017	52	1852	リリサイドの2017	リリレフア	Lililehua	ハワイ語	ハワイに咲くスカーレットセージ。レイに使われる花で勝利を期待
2017	53	1853	シシリアンブリーズの2017	ジルジェンティ	Girgenti	シチリア語	イタリア、シチリア島南部の都市名。母名より連想
2017	54	1854	パッシフローラの2017	エアリーフローラ	Airy Flora	英語	優雅な春の女神の意が込められたフリージアの品種。花言葉は希望
2017	55	1855	フォンタネリーチェの2017	サンテルノ	Santerno	伊語	フォンタネリーチェ村からイモラへ続くイタリアの川名。母名より連想
2017	56	1856	リトルディッパーの2017	フェルカド	Pherkad	アラビア語	こぐま座の恒星の一つ。母名より連想
2017	57	1857	ピューリティーの2017	ラインハイト	Reinheit	独語	清純（独）。母名より連想
2017	58	1858	アルテリテの2017	アルテフィーチェ	Artefice	伊語	創造者（伊）。母名より連想
2017	59	1859	フェリシアの2017	シャルロワ	Charlois	仏語	小惑星名。母名より連想
2017	60	1860	アヴェンチュラの2017	カイザーライン	Kaiser Line	独語、英語	皇帝（独）＋系統。皇帝の系統。両親からの血脈をさらに高めて欲しい
2017	61	1861	ディアデラマドレの2017	クラヴェル	Clavel	西語	カーネーション（西）。母名より連想
2017	62	1862	アンレールの2017	パドゥヴァルス	Pas de Valse	仏語	クラシックバレエのワルツステップ。母名より連想
2017	63	1863	ストールンハートの2017	タイズオブハート	Ties of Heart	英語	心の絆。父名、母名より連想
2017	64	1864	ディメンティカタの2017	レミニシェンザ	Reminiscenza	伊語	回顧、追憶、想い出（伊）。忘れられないように願って。母名より連想
2017	65	1865	サトノジュピターの2017	アステロイドベルト	Asteroid Belt	英語	火星と木星の間にある小惑星帯。母名より連想
2017	66	1866	プリンセスカメリアの2017	アイスジェイド	Ice Jade	英語	本馬の生まれ月の誕生石（翡翠）の一種。透明な翡翠で希少価値が高い
2017	67	1867	マラコスタムブラダの2017	レシステンシア	Resistencia	西語	アルゼンチンにある州都の名。母の生産国より連想
2017	68	1868	ピュアブリーゼの2017	ルヴァン	Le Vent	仏語	風（仏）。母名より連想
2017	69	1869	バロネスサッチャーの2017	グランドデューク	Grand Duke	英語	爵位の最高位「大公」。母名より連想。大きな活躍を期待して
2017	70	1870	イストワールの2017	ウェイヴァリー	Waverley	英語	スコットランドの歴史小説名
2017	71	1871	ヴェラブランカの2017	ヴェラアズール	Vela Azul	西語	青い帆（西）。母名より連想
2017	72	1872	ソラコマチの2017	ジェネティクス	Genetics	英語	遺伝学。父、母父より優秀なスプリンター資質の継承を願って
2017	73	1873	カフヴァールの2017	ベレヌス	Belenus	英語	ケルト神話の光、火、治癒をつかさどる神。「輝くもの」の意
2017	74	1874	カラベルラティーナの2017	ケープオブストーム	Cape of Storm	英語	カラベルラティーナ船で到達した喜望峰の別称。母名より連想
2017	75	1875	ジュモーの2017	クロワドフェール	Croix de Fer	仏語	フランス、アルプス山脈にある峠。母名より連想
2017	76	1876	トゥザレジェンドの2017	プリマグラード	Primer Grado	西語	一子相伝（西）。母から子への伝承
2017	77	1877	スペクトロライトの2017	ライトウォーリア	Light Warrior	英語	光の戦士。父名、母名より連想
2017	78	1878	スネガエクスプレスの2017	チェルヴィーノ	Cervino	伊語	スネガ展望台から見える山。独名はマッターホルン。母名より連想
2017	79	1879	ピースアンドウォーの2017	ヴァルキュリア	Valkyrja	古ノルド語	北欧神話の戦乙女。母名より連想
2017	80	1880	ザガールインザットソングの2017	セレナズヴォイス	Serena’s Voice	英語	父系より＋声（母系より）。誇り高く歌ってほしいとの願い
2017	81	1881	タッチミーベイブの2017	サンスクリット	Sanskrit	英語	洗練、完成されたもの
2017	82	1882	グレイシアブルーの2017	フェアウェザー	Fairweather	英語	北アメリカ大陸北西部に存在する氷河。母名より連想
2017	83	1883	インプレショニストの2017	アートムーブメント	Art Movement	英語	芸術運動。母名より連想
2017	84	1884	アンソロジーの2017	ブロンディーヴァ	Blonde Diva	英語	金髪の歌姫。母名、本馬の金色のタテガミより連想
2016	1	1701	レーヴディマンの2016	ラヴィアンレーヴ	La Vie en Reve	仏語	夢のような時間をみんなで共有出来るように。母名より連想
2016	2	1702	リッチダンサーの2016	コントラチェック	Contra Check	英語	ダンスステップの一種。母名より連想
2016	3	1703	オリジナルスピンⅡの2016	アップライトスピン	Upright Spin	英語	フィギュアスケートの回転技の一つ。全てのスピンの基本となるスピン
2016	4	1704	クルソラの2016	クルミネイト	Culminate	英語	最高点に達する。頂点に立つよう願いを込めて。母名より連想
2016	5	1705	ディアデラノビアの2016	カウディーリョ	Caudillo	西語	統領、総統（西）。母系より連想
2016	6	1706	グレースランドの2016	スタックオンユー	Stuck on You	英語	君に夢中、曲名。母名より連想
2016	7	1707	アディクティドの2016	アディクション	Addiction	英語	虜になること、熱中すること
2016	8	1708	ヒルダズパッションの2016	シェドゥーヴル	Chef d’Oeuvre	仏語	傑作、名作（仏）。金細工師である父の最高傑作となるよう願って
2016	9	1709	ビキニブロンドの2016	ゴールドアックス	Gold Axe	英語	金の斧。父名、母名より連想
2016	10	1710	フレンチバレリーナの2016	マメールロア	Ma Mere l’Oye	仏語	ピアノ四手連弾の組曲をベースとしたバレエ音楽。母名より連想
2016	11	1711	ラドラーダの2016	ソルドラード	Sol Dorado	西語	黄金の太陽（西）。太陽のような輝かしい活躍を願って。母名より連想
2016	12	1712	ミスティックリップスの2016	ハーメティキスト	Hermeticist	英語	神秘主義者。母名より連想
2016	13	1713	スカーレットベルの2016	ベルクワイア	Bell Choir	英語	ハンドベル演奏グループ。勝利の鐘の音を響かせて欲しい
2016	14	1714	コンカランの2016	サンルイス	San Luis	西語	アルゼンチンの都市コンカランが属する州名
2016	15	1715	カメリアローズの2016	ディキシーナイト	Dixie Knight	英語	椿の品種名。鮮やかな大輪の花を咲かせる。母名、兄名より連想
2016	16	1716	アウトオブタイムの2016	グロオルロージュ	Gros Horloge	仏語	フランスのルーアンにある大時計
2016	17	1717	スルーレートの2016	パルスレート	Pulse Rate	英語	きわめて短い時間だけ流れる電流や電波。衝撃電流。母名より連想
2016	18	1718	キューの2016	メルキュール	Mercure	仏語	水星（仏）。母名より連想
2016	19	1719	ケイティーズジェムの2016	ヴィッテルスバッハ	Wittelsbach	独語	世界最高級のダイヤモンド。母名より連想
2016	20	1720	マイティースルーの2016	パッシングスルー	Passing Through	英語	抜き去る。ライバルを華麗に交わすシーンをイメージして
2016	21	1721	エルミラドールの2016	グランヴィスタ	Gran Vista	西語	絶景（西）。母名より連想
2016	22	1722	プリンセスカメリアの2016	フィリアプーラ	Figlia Pura	伊語	清らかな娘（伊）。母名より連想
2016	23	1723	リビングデイライツの2016	フラッシュノワール	Flash Noir	英語、仏語	閃光＋黒い（仏）。黒い閃光。父名、本馬の毛色より連想
2016	24	1724	フラゴリーネの2016	シャンデフレーズ	Champ des Fraises	仏語	いちご畑（仏）。母名より連想
2016	25	1725	クライフォージョイの2016	タッチングムービー	Touching Movie	英語	感動的な映画。父名、母名より連想。感動的な走りを期待して
2016	26	1726	ユールフェストの2016	フィルムフェスト	Filmfest	英語	映画祭。父名、母名より連想
2016	27	1727	ピースエンブレムの2016	ノーブルエンブレム	Noble Emblem	英語	高貴な証。母名より連想。大きなタイトルが獲れるよう
2016	28	1728	フォルテピアノの2016	キアレッツァ	Chiarezza	伊語	輝き（音楽用語）。父名、母名より連想。輝かしい馬生をと願い
2016	29	1729	ドルチェリモーネの2016	アグリューム	Agrumes	仏語	柑橘類（仏）。母名より連想
2016	30	1730	ティフィンの2016	レディグレイ	Lady Grey	英語	アールグレイベースのフレーバーティー。母名より連想
2016	31	1731	ヴァイスハイトの2016	ヴァイトブリック	Weitblick	独語	先見の明、見晴らし（独）。母名より連想
2016	32	1732	ピューリティーの2016	パシフィスタ	Pacifista	西語	平和主義者（西）。マンハッタンの地から世界平和への願いを込めて
2016	33	1733	フェルミオンの2016	レプトン	Lepton	英語	物質の構成要素の素粒子の一種。母名より連想
2016	34	1734	チアズメッセージの2016	ルメッサージュ	Le Message	仏語	伝言（仏）。母名より連想
2016	35	1735	ホールロッタラヴの2016	クロスパール	Cross Pearl	英語	十字架の形をした変形真珠。宝石言葉は「不滅の愛」。母名より連想
2016	36	1736	ネオイリュージョンの2016	イルジオーネ	Illusione	伊語	幻想（伊）。幻想を実現するような活躍を願って。母名より連想
2016	37	1737	カラベルラティーナの2016	ラティーンセイル	Lateen Sail	英語	カラベル船に採用された大きな三角帆。母名より連想
2016	38	1738	プロミネントの2016	プロスペリティ	Prosperity	英語	繁栄、成功、幸運。未来が明るいことを願って。母系より連想
2016	39	1739	ライツェントの2016	シャルマント	Charmant	独語	チャーミングな（独）。母名より連想
2016	40	1740	シーザシーの2016	ザダル	Zadar	クロアチア語	世界一の夕日が見られるクロアチア西部の都市名。父名、母名より連想
2016	41	1741	ポロンナルワの2016	ガルヴィハーラ	Gal Vihara	英語	スリランカのポロンナルワにある石窟寺院
2016	42	1742	スカイディーバの2016	スピッツァー	Spitzer	英語	宇宙望遠鏡の名称。父名、母名より連想
2016	43	1743	チェリーコレクトの2016	ダイアナブライト	Diana Bright	英語	さくらんぼの品種の一つ。母名より連想
2016	44	1744	ココシュニックの2016	リャスナ	Ryasna	露語	ココシュニック（女性の頭飾り）と併せて使用される装飾品
2016	45	1745	ジュモーの2016	クラージュゲリエ	Courageux Guerrier	仏語	勇敢な戦士（仏）
2016	46	1746	ハープスターの2016	アストライア	Astraea	英語	ギリシャ神話の正義の女神。「星のごとく輝く者」の意。母名より連想
2016	47	1747	アビラの2016	カテドラル	Catedral	西語	ロマネスク、ゴシック様式を兼ね備えるスペイン、アビラの大聖堂
2016	48	1748	アナアメリカーナの2016	アメリカンウェイク	American Wake	英語	アイリッシュダンスの演目の一つ。父名、母名より連想
2016	49	1749	ピュアブリーゼの2016	パルメ	Palme	独語	椰子（独）。花言葉は「勝利」。クラシックを勝つ事を祈って
2016	50	1750	マルティンスタークの2016	エングレーバー	Engraver	英語	金細工印刷技術を極めた職人。父名より連想
2016	51	1751	ヴィートマルシェの2016	マルシュロレーヌ	Marche Lorraine	仏語	フランスの行進曲
2016	52	1752	シーザリオの2016	サートゥルナーリア	Saturnalia	伊語	公現祭での行事の基礎ともなった古代ローマの祭り。母名より連想
2016	53	1753	スペシャルグルーヴの2016	グルーヴィット	Groove It	英語	楽しむ。母名より連想
2016	54	1754	シードオブハピネスの2016	ハピネスブルーム	Happiness Bloom	英語	幸せの花が咲くように。母名より連想
2016	55	1755	マハービスタの2016	マハーラーニー	Maharanee	サンスクリット語	「偉大な女性の君主」を意味するサンスクリットの称号。母名より連想
2016	57	1757	モンプティクールの2016	ノーヴァレンダ	Nova Lenda	ポルトガル語	新しい伝説（ポルトガル語）。伝説になるような活躍を願って
2016	58	1758	フェアリーバニヤンの2016	グレートバニヤン	Great Banyan	英語	インド、コルカタの世界最大のバニヤンツリー
2016	59	1759	ヒカルアモーレの2016	ラバーズケープ	Lover’s Cape	英語	恋人岬。母名より連想
2016	60	1760	グレイトフィーヴァーの2016	ファナティック	Fanatic	英語	熱狂的な。母名より連想
2016	61	1761	アマルフィターナの2016	ティレニア	Tyrrhenia	伊語	イタリア半島西側の海。母名より連想
2016	62	1762	ディアマイベイビーの2016	シェルメール	Chere Mere	仏語	親愛なる母（仏）
2016	63	1763	サンドミエシュの2016	ニードルズアイ	Needle’s Eye	英語	針の目。ポーランド、サンドミエシュの観光名所。母名より連想
2016	64	1764	ブライダルソングの2016	フェリシタシオン	Felicitations	仏語	祝福の言葉、賛辞（仏）。多くの祝福の言葉をかけてもらえるように
2016	65	1765	イストワールの2016	ビスタストリカ	Vista Storica	伊語	歴史観（伊）。母名より連想
2016	67	1767	ラフォルジュルネの2016	モンドヌーヴォー	Monde Nouveau	仏語	新しい世界（仏）。母名より連想
2016	68	1768	ハルーワソングの2016	ジーガスリッド	Siegeslied	独語	凱歌（独）。父名、母名より連想
2016	69	1769	クーデンビーチの2016	グレースベイ	Grace Bay	英語	世界一美しいとも言われる、カリブ海英国領の海岸名。母名より連想
2016	70	1770	ブロードピークの2016	ブロードハースト	Broadhurst	英語	人名より。父名、母名より連想
2016	71	1771	ヴェラブランカの2016	テイクザヘルム	Take the Helm	英語	舵をとる。母名より連想
2016	72	1772	ヴィアンローズの2016	アーズローヴァー	Ards Rover	英語	鮮やかな深紅色の薔薇の品種名。母名より連想
2016	73	1773	バイラオーラの2016	エスコビージャ	Escobilla	西語	フラメンコの踊り方の一つ。母名より連想
2016	74	1774	カニョットの2016	ファクトゥーラ	Factura	西語	アルゼンチンの菓子パン。父名、母名より連想
2016	75	1775	スサーナトウショウの2016	ライトヴェロシティ	Light Velocity	英語	光速。誰よりも速く誰よりも遠くへ走れるようにと願って
2016	76	1776	アドマイヤレッドの2016	リフタスフェルト	Richtersveld	英語	南アフリカにある火星的砂漠地帯。父名、母名より連想
2016	77	1777	プルーフオブラヴの2016	ダブルクラッチ	Double Clutch	英語	バスケットボール用語。父名より連想
2016	78	1778	ローズノーブルの2016	ノーブルワークス	Noble Works	英語	立派な仕事。大舞台での大仕事を期待して。父名、母名より連想
2016	79	1779	ピンクアリエスの2016	クロウエア	Crowea	英語	ピンクの星形の花の名。花言葉は「願いを叶えて」
2016	80	1780	ダブルゴールドの2016	コルニッシュドール	Corniche d’Or	仏語	黄金の断崖（仏）。南仏にある絶景の景勝地名。父名、母名より連想
2016	81	1781	クリソプレーズの2016	クリソベリル	Chrysoberyl	希語	金緑石。母名、兄姉名より連想
2016	82	1782	ササファイヤーの2016	ダルヴァザ	Darvaza	英語	「燃え続ける大穴」のあるトルクメニスタンの地名。母名より連想
2016	83	1783	デルフィニウムの2016	デルフィス	Delphis	希語	イルカ（ギリシャ語）。母名デルフィニウムの語源
2016	84	1784	エポキシの2016	プラネットエー	Planet A	英語	彗星探査機の愛称。母名より連想
2016	85	1785	グルーヴィクイーンの2016	リトミックグルーヴ	Rythmique Groove	仏語、英語	リズムの（仏）＋楽しむ。リズムのよい子に。母系より連想
2015	1	1601	ウルトラブレンドの2015	エクストラブレンド	Extra Blend	英語	極上のブレンド。母名より連想
2015	2	1602	ガヴィオラの2015	ギャラッド	Garradd	英語	彗星の名前。母名より連想
2015	3	1603	イルーシヴウェーヴの2015	イルーシヴグレイス	Elusive Grace	英語	言葉では言い表せないほどの人を引きつける魅力。母名より連想
2015	4	1604	クリソプレーズの2015	エリスライト	Erythrite	英語	コバルト華（宝石名）。母名より連想
2015	5	1605	ラドラーダの2015	レイエンダ	Leyenda	西語	伝説（西）。父名、兄名より連想
2015	6	1606	ディアデラノビアの2015	エルディアマンテ	El Diamante	西語	ダイヤモンド（西）。本馬の流星の形を母母の生産国の言語で
2015	7	1607	ピンクパピヨンの2015	ヴォレダンルシエル	Voler dans le Ciel	仏語	空高く舞う（仏）。母名より連想
2015	8	1608	バロネスサッチャーの2015	グランサム	Grantham	英語	マーガレット・サッチャーの出身地。母名より連想
2015	9	1609	リッチダンサーの2015	フラットレー	Flatley	英語	人名より。母名より連想
2015	10	1610	ジンジャーパンチの2015	サザンスパークル	Southern Sparkle	英語	サザンカンフォートにパインとレモンとジンジャーエールのカクテル名
2015	11	1611	カニョットの2015	カラドゥラ	Caradura	西語	大胆、チャレンジ（西）。大きく育ってもらいたいとの願いを込め
2015	12	1612	エレンウィルモットの2015	ムーランジュビリー	Mullard Jubilee	英語	ハイブリッドティー系統のバラの名前。母名より連想
2015	13	1613	マルティンスタークの2015	ショーンガウアー	Schongauer	独語	人名より。父名、母名より連想
2015	14	1614	クルソラの2015	アランブレラ	Alumbrera	西語	アルゼンチン最大の鉱山名。父名、母の生産国より連想
2015	15	1615	ヴィートマルシェの2015	リリーバレロ	Lilliburlero	英語	イギリスの行進曲名。母名より連想
2015	16	1616	アドマイヤフッキーの2015	アンフィトリテ	Amphitrite	希語	ギリシャ神話に登場する海の女神。父名より連想
2015	17	1617	ペルレンケッテの2015	ペルネッティア	Pernettya	ラテン語	ツツジ科の常緑小低木。別名、真珠の木。花言葉は実る努力。母名より
2015	18	1618	フェルミオンの2015	テトラクォーク	Tetraquark	英語	４種類のクォークで構成された複合粒子。母名、兄姉名、４番仔より
2015	19	1619	ロフティーエイムの2015	エイムアンドエンド	Aim and End	英語	究極の目的。母名より連想
2015	20	1620	ブロードピークの2015	サミットプッシュ	Summit Push	英語	頂上を目指す（登山用語）。母名より連想
2015	21	1621	クロストウショウの2015	クロスデスティニー	Cross Destiny	英語	運命が交差する。母名より連想
2015	22	1622	ヴァンドノワールの2015	ムールヴェードル	Mourvedre	仏語	ワイン用の黒葡萄の品種名。母名より連想
2015	23	1623	イストワールの2015	ナラトゥリス	Narratrice	仏語	語り手（仏）。母名より連想
2015	24	1624	シェルズレイの2015	サンライズシェル	Sunrise Shell	英語	ハワイ諸島でのみ採取出来る世界で最も珍しい貝の一つ。母名より連想
2015	25	1625	スプリングシーズンⅡの2015	インボルク	Imbolc	英語	春の訪れを祝うケルト民族の祭り。母名より連想
2015	26	1626	キューの2015	ウィナーズブレイク	Winners Break	英語	ビリヤード用語。母名より連想
2015	27	1627	ヴィアンローズの2015	ライレローズ	L'Haylesroses	仏語	世界最大級のバラ園があるパリ郊外の都市名。母名より連想
2015	28	1628	アドマイヤドレスの2015	ヴェスティード	Vestido	西語	ヴェスティード・デ・エティケタ（正装モーニング（西））より
2015	29	1629	アドマイヤサンデーの2015	プレビアス	Previous	英語	前を行く。常に先頭に立って駆け抜けてほしい。父名より連想
2015	30	1630	シャラントレディの2015	アングレーム	Angouleme	仏語	フランス、シャラント県の古都名。母名より連想
2015	31	1631	ジュモーの2015	モントルイユ	Montreuil	仏語	ジュモーの人形工房があったフランスの地名。母名より連想
2015	32	1632	メガクライトの2015	サクステッド	Thaxted	英語	組曲「惑星」の「木星、快楽をもたらすもの」より。母名より連想
2015	33	1633	ヒカルアモーレの2015	アモーレミオ	Amore Mio	伊語	私の愛する人（伊）。母名より連想
2015	34	1634	ミスティークⅡの2015	レーツェル	Ratsel	独語	謎、神秘（独）。母名より。底知れぬ強さと強運で頂点に立つ活躍を
2015	35	1635	カドリーユの2015	パストゥレイユ	Pastourelle	仏語	フランスの舞曲カドリーユを構成するフィガーの一つ。母名より連想
2015	36	1636	ファーストチェアの2015	コンダクトレス	Conductress	英語	女性指揮者。数少ない女性指揮者の如く活躍を願って。母名より連想
2015	37	1637	マイティースルーの2015	モンヴァントゥ	Mont Ventoux	仏語	「プロヴァンスの巨人」の異名を持つ仏南部の山。父名、母名より連想
2015	38	1638	カサパサーの2015	エールブラン	Aile Blanc	仏語	白い翼（仏）。高い舞台へ羽ばたいて行くよう願いを込めて
2015	39	1639	シーズンズベストの2015	ベストヴォヤージュ	Best Voyage	英語	最高の航海。父名、母名、兄名より連想
2015	40	1640	コスモチェーロの2015	イペルラーニオ	Iperuranio	伊語	空より上の、天空を超えた（伊）。母名より連想
2015	41	1641	ヒルダズパッションの2015	ヴェルテアシャフト	Weltherrschaft	独語	世界制覇（独）。世界一の馬になることを願って
2015	42	1642	ココシュニックの2015	フィニフティ	Finift	希語	希語で「輝く石」の意のロシアのエナメル細工。母名より。輝く活躍を
2015	43	1643	アドマイヤキラメキの2015	センテリュオ	Centelleo	西語	煌めき（西）。母名より連想
2015	44	1644	アヴェンチュラの2015	デサフィアンテ	Desafiante	西語	挑戦（西）。冒険という名で登りつめた母の歩みの更に上を目指して
2015	45	1645	リーチコンセンサスの2015	ユナニマス	Unanimous	英語	満場一致。母名より連想
2015	46	1646	シーザリオの2015	シーリア	Celia	英語	シェイクスピア作「お気に召すまま」の登場人物名より。母名より連想
2015	47	1647	ブルーメンブラットの2015	ブルーメンクローネ	Blumenkrone	独語	花冠（独）。頂点に立ち、祝福されるよう願い。父名、母名より連想
2015	48	1648	データの2015	レノヴァール	Renovar	西語	更新する（西）。父の代表産駒になることを願って。母名より連想
2015	50	1650	グレイトフィーヴァーの2015	アリュマージュ	Allumage	仏語	点火（仏）。熱くなる走りを期待して。母名より連想
2015	51	1651	アディクティドの2015	アリストライン	Aristoline	英語	最高の航路。Ａのライン。母系より連想
2015	52	1652	シンハリーズの2015	シンハラージャ	Sinharaja	シンハラ語	「ライオンの王国」という意味を持つスリランカの国立公園。母名より
2015	53	1653	トゥザヴィクトリーの2015	トゥザフロンティア	To the Frontier	英語	未来を切り拓く。母名より連想
2015	54	1654	ドルチェリモーネの2015	スイートレモネード	Sweet Lemonade	英語	レモンとオレンジの交配種。母名より連想
2015	55	1655	ビアンカシェボンの2015	ヘヴンリーブライド	Heavenly Bride	英語	天空の花嫁
2015	56	1656	ヴァイスハイトの2015	ヴァイザー	Weiser	独語	賢者（独）。父名、母名より連想
2015	57	1657	ラフォルジュルネの2015	ノヴェレッテ	Novellette	独語	短編小説と言う意味のピアノ小品（音楽用語）。父名、母名より連想
2015	58	1658	アソルータの2015	アントルシャ	Entrechat	仏語	バレエの技法の一つ。母名、母母名より連想
2015	59	1659	ケイティーズジェムの2015	バレンタインジェム	Valentine Gem	英語	バレンタインの宝石。本馬の誕生日と母名より連想
2015	60	1660	ジェシカの2015	ジェシー	Jesse	英語	聖書に登場する「富」を意味する人名より。母名より連想
2015	61	1661	ヴェルデライトの2015	ルベライト	Rubellite	英語	赤色のトルマリンを指す宝石名。母名より連想
2015	62	1662	フォルテピアノの2015	クリストフォリ	Cristofori	伊語	人名より。母名より連想
2015	63	1663	レースウィングの2015	エンジェルウィング	Angel Wing	英語	天使の翼。母名より連想
2015	64	1664	レックスレイノスの2015	ラプトレックス	Raptorex	英語	ティラノサウルス科の恐竜の一種。母名より連想
2015	65	1665	ピューリティーの2015	ピュールフォルス	Pur Force	仏語	純粋な力強さ（仏）。母名より連想
2015	66	1666	グレイシアブルーの2015	メールドグラース	Mer de Glace	仏語	フランスのメール・ド・グラース氷河より。母名より連想
2015	67	1667	ヴェラブランカの2015	クルスブランカ	Cruz Blanca	西語	白い十字架（西）。本馬の白斑の模様と母名より連想
2015	68	1668	ディミータの2015	クナップフラウ	Knappe Vrouw	蘭語	美女（オランダ語）
2015	69	1669	ベネヴェントの2015	サンタソフィア	Santa Sofia	伊語	イタリア、ベネヴェントの世界遺産の教会名。特別な存在になれるよう
2015	70	1670	ピンクアリエスの2015	メサルティム	Mesarthim	英語	おひつじ座のγ星。母名より連想
2015	71	1671	フェリスタスの2015	オノリス	Honoris	ラテン語	名誉（ラテン語）。父名より連想
2015	72	1672	アレキサンドリアの2015	ナイルデルタ	Nile Delta	英語	ナイル川河口に広がる三角州。母名より連想
2015	73	1673	マチカネチコウヨレの2015	ウェルカムゴールド	Welcome Gold	英語	幸せを呼ぶとされる金
2015	74	1674	ラフィントレイルの2015	ミーティアトレイル	Meteor Trail	英語	流星の飛跡。父名、母名より連想
2015	75	1675	ティフィンの2015	ダージリンクーラー	Darjeeling Cooler	英語	ティフィンリキュールを使った紅色のカクテル。父名、母名より連想
2015	76	1676	スウェアトウショウの2015	スウェアジーク	Swear Sieg	英語、独語	誓う＋勝利（独）。勝利を誓う。母名より連想
2015	77	1677	オーベルゲイドの2015	トゥンバドーラ	Tumbadora	西語	マンボのリズムを奏でる際に使用する打楽器の一種。父名より連想
2015	78	1678	シシリアンブリーズの2015	ヴァルディノート	Val di Noto	伊語	イタリア、シシリア島にある後期バロック様式の町。母名より連想
2015	79	1679	バイオレントハートの2015	バイオレントブロー	Violent Blow	英語	強烈な一撃。母名より連想
2015	80	1680	Teddy's Promiseの2015	ディライトプロミス	Delight Promise	英語	歓喜の約束。歓喜を得られる活躍を期待して。母名より連想
2015	81	1681	テイクワンズアイの2015	ルーレットスピナー	Roulette Spinner	英語	ルーレットでボールを投入して数字を読み上げる人。父名より連想
2015	82	1682	マロトウショウの2015	ノートゥルレーヴ	Notre Reve	仏語	私達の夢（仏）。父名、母名より連想。本馬に関る全ての人の夢を乗せ
2015	83	1683	ブリッジトウショウの2015	オールパスレル	Or Passerelle	仏語	黄金の架け橋（仏）。父名、母名より連想
2015	84	1684	プリンセスフローラの2015	シアラルーチェ	Sia la Luce	伊語	光あれ（伊）。地方の光になって欲しいという願い
2014	1	1501	フラニーフロイドの2014	フライベルク	Freiberg	独語	精神分析学者ジークムントフロイトの生誕地。母名、母父名より連想
2014	2	1502	ジンジャーパンチの2014	エリティエール	Heritiere	仏語	後継者。父や母のような活躍を期待して
2014	3	1503	ラドラーダの2014	レイデオロ	Rey de Oro	西語	黄金の王。父名、母名より連想
2014	4	1504	リュヌドールの2014	ルヴォワール	Revoir	仏語	再会。父と母が運命の再会を果たして生まれたことより
2014	5	1505	イグジビットワンの2014	ムスターヴェルク	Musterwerk	独語	傑作。母名より連想
2014	6	1506	メジロダーリングの2014	キスミーダーリン	Kiss Me Darling	英語	キスしてダーリン。母名より連想。愛される競走馬になることを願い
2014	7	1507	ラクカラチャの2014	シェリトリンド	Cielito Lindo	西語	メキシコ民謡。母名より連想
2014	8	1508	シーズンズベストの2014	ベストプレディクト	Best Predict	英語	最高の予言。父名、母名より連想
2014	9	1509	ディアデラノビアの2014	バルデス	Valdes	西語	アルゼンチンの地名。母母の生産国、母名より連想
2014	10	1510	スナップショットの2014	キュイキュイ	Cui Cui	仏語	フランスでの写真撮影時の掛け声。母名より連想
2014	11	1511	キューの2014	キャノンショット	Cannon Shot	英語	ビリヤードの技。母名より連想
2014	12	1512	ピューリティーの2014	パルフェクォーツ	Parfait Quartz	仏語	完璧な結晶。父、母の最高傑作を目指して。母名より連想
2014	13	1513	マイティースルーの2014	マイティーキュート	Mighty Cute	英語	すごく可愛い。母名より連想
2014	14	1514	ヒシシルバーメイドの2014	オーバーレイ	Overlay	英語	銀を重ねて作るネイティブアメリカンジュエリーの技法。母名より連想
2014	15	1515	アドマイヤセラヴィの2014	ラベルヴィー	La Belle Vie	仏語	すばらしい人生。母名より連想
2014	16	1516	クレヨンルージュの2014	オーブルージュ	Aube Rouge	仏語	赤色の夜明け。母名より連想
2014	17	1517	ポトリザリスの2014	サンラファエル	San Rafael	西語	アルゼンチンの高級ワイン生産地名
2014	18	1518	メジロフォーナの2014	メロディーア	Melodia	伊語	美しい歌声。母名より連想
2014	19	1519	エンシェントヒルの2014	リカビトス	Lycabettos	英語	アテネ市街地で最も標高が高い丘。母名より連想
2014	20	1520	リッチダンサーの2014	グランデセーヌ	Grande Scene	仏語	大舞台。母名より連想
2014	21	1521	スターペスミツコの2014	エピカリス	Epicharis	希語	魅力的な。父名より連想
2014	22	1522	ティフィンの2014	キュンメル	Kummel	独語	姫茴香を主体にした上品なリキュール。母名より連想
2014	23	1523	ボルボレッタの2014	シュメッターリング	Schmetterling	独語	蝶。華々しく羽ばたくような活躍を祈って。母名より連想
2014	24	1524	カスタリアの2014	パルナッソス	Parnassus	希語	ギリシャ神話に登場する「カスタリアの泉」があった山の名前
2014	25	1525	フェルミオンの2014	チャームクォーク	Charm Quark	英語	フェルミ粒子の中に分類される粒子名。母名、兄名より連想
2014	26	1526	フォルテピアノの2014	パルティトゥーラ	Partitura	伊語	楽譜。母名より連想
2014	27	1527	モンプティクールの2014	フェールデクール	Fer de Coeur	仏語	鉄の心。強い心を持って走る事を願って。母名より連想
2014	28	1528	トキオリアリティーの2014	ヴェリタブル	Veritable	仏語	真実の
2014	29	1529	カドリーユの2014	コーブルク	Coburg	独語	曲名より。カドリーユの舞曲
2014	30	1530	シャンスイの2014	ネオフレグランス	Neo Fragrance	英語	父名の一部＋芳香。母名より連想
2014	31	1531	グリッターカーラの2014	ステラエスペランサ	Stella Esperanza	伊語＋西語	星＋希望。希望の星。母名より連想
2014	32	1532	ハンドレッドスコアの2014	スターズインヘヴン	Stars in Heaven	英語	満天の星。母名の「満点」より連想
2014	33	1533	ケイティーズジェムの2014	ミルキークォーツ	Milky Quartz	英語	本馬の誕生日（１月２４日）の誕生石。母名（ジェム＝宝石）より連想
2014	34	1534	テイクワンズアイの2014	アトラクティヴアイ	Attractive Eye	英語	魅力的な瞳。母名（人をひきつける）より連想
2014	35	1535	ヴェラブランカの2014	シルバーコンパス	Silver  Compass	英語	銀の羅針盤。本馬の毛色、母名より連想。勝利への進路を示す
2014	36	1536	クリンゲルベルガーの2014	シルヴァーナ	Silvaner	独語	ドイツワイン用葡萄の品種名。母名より連想
2014	37	1537	ドレスデングリーンの2014	ジェードグリーン	Jade Green	英語	翡翠色。母名より連想
2014	38	1538	カラベルラティーナの2014	ヴェレイロ	Veleiro	ポルトガル語	帆船。母名より連想
2014	39	1539	Sweet Dreams Babyの2014	バリングラ	Burringurrah	英語	世界最大の一枚岩マウントオーガスタスのオーストラリア先住民の呼名
2014	40	1540	パーシステントリーの2014	ステッドファスト	Steadfast	英語	不動の、ぐらつかない。母名より連想
2014	41	1541	レーヴディマンの2014	レーヴルシード	Reve Lucide	仏語	明晰夢。状況を思い通りにすることができる夢
2014	42	1542	ジャッキーテーストの2014	アロマドゥルセ	Aroma Dulce	西語	甘い香り。女の子らしく育ってくれるように
2014	43	1543	トゥザヴィクトリーの2014	トゥザクラウン	To the Crown	英語	栄冠に向かって。タイトルの獲得を願って
2014	44	1544	シーザリオの2014	グローブシアター	Globe Theatre	英語	シェークスピアの作品の多くを初演した劇場
2014	45	1545	データの2014	オプティマイズ	Optimize	英語	最良にする（コンピュータ用語）。母名より連想
2014	46	1546	リリサイドの2014	リスグラシュー	Lys Gracieux	仏語	優美な百合。母名より連想
2014	47	1547	ココシュニックの2014	グラニーズチップス	Granny’s Chips	英語	英国王室で愛用されているブローチの愛称
2014	48	1548	シェアザストーリーの2014	シェアザモーメント	Share the Moment	英語	瞬間を共有する。母名より連想
2014	49	1549	グレイトフィーヴァーの2014	ルエヴェルロール	Ruee vers l’Or	仏語	ゴールドラッシュ。父名、母名より連想
2014	50	1550	ヒストリックスターの2014	アスティル	Aster	希語	新星。母名より連想
2014	51	1551	リーチコンセンサスの2014	ウィズワンアセント	With One Assent	英語	満場一致で。母名より連想
2014	52	1552	パーフェクトジョイの2014	ガウディウム	Gaudium	ラテン語	歓喜。喜び溢れる競走生活を願って。母名より連想
2014	53	1553	インパクトゲームの2014	ゴレアーダ	Goleada	ポルトガル語	大差のついた試合、大勝。母名より連想
2014	54	1554	マルティンスタークの2014	マルムーティエ	Marmoutier	仏語	聖マルティヌスが修道院を作ったフランスの地名。母名より連想
2014	55	1555	シンハリーズの2014	ミリッサ	Mirissa	英語	スリランカのリゾート観光地名。母名、兄名より連想
2014	56	1556	アマルフィターナの2014	アトラーニ	Atrani	伊語	アマルフィ海岸にあるイタリアの地名。父名、母名より連想
2014	57	1557	ペニーホイッスルの2014	フィップル	Fipple	英語	木管楽器の歌口（吹き口）。母名より連想
2014	58	1558	エポキシの2014	レクセル	Lexell	英語	地球の近くを通り過ぎたことで有名な大彗星。母名より連想
2014	59	1559	スルーレートの2014	ハイレートクライム	High Rate Climb	英語	主に現代の戦闘機が行う、急激なズーム上昇のこと。母名より連想
2014	60	1560	ポロンナルワの2014	ディーパワンサ	Dipavamsa	パーリ語	スリランカで最古の歴史記録。母名より連想
2014	61	1561	ハルーワソングの2014	ラプソディーア	Rapsodia	伊語	狂詩曲。自由で幻想的な楽曲。母名より連想
2014	62	1562	マチカネホレルナヨの2014	ゼルビーノ	Zerbino	伊語	色男、伊達男。母名より連想
2014	63	1563	ヴァリアントレディの2014	ブレイブウォリアー	Brave Warrior	英語	勇敢なる戦士。母名より連想
2014	64	1564	フローリッドコートの2014	レヴェンスホール	Levens Hall	英語	イギリスの有名な庭園。母名より連想
2014	65	1565	エルダンジュの2014	エルデュクラージュ	Ailes du Courage	仏語	勇敢な翼。母名より連想
2014	66	1566	ヴァイスハイトの2014	クルークハイト	Klugheit	独語	聡明、賢明さ。母名より連想
2014	67	1567	シーズアンの2014	アンジュシャルマン	Ange Charmant	仏語	魅力的な天使
2014	68	1568	ベネディーレの2014	ガンサリュート	Gun Salute	英語	祝砲。優勝の祝砲を放つことが出来るように
2014	69	1569	ウエストコーストの2014	スティーマーレーン	Steamer Lane	英語	カリフォルニア州にあるサーフィンの有名スポット。母名より連想
2014	70	1570	キスショットの2014	キスイン	Kiss In	英語	ビリヤードでキスショットの結果、的球がポケットに入る事。母名より
2014	71	1571	マヒナの2014	キアナ	Kiana	ハワイ語	月の女神。母系に脈々と流れる「月」にちなんで
2014	72	1572	カメリアローズの2014	フリーダムベル	Freedom Bell	英語	アメリカ原産の椿の花の品種名。母名より連想
2014	73	1573	ラフィントレイルの2014	シャイントレイル	Shine Trail	英語	栄光への軌跡。母名より連想
2014	74	1574	メガクライトの2014	アストロノート	Astronaut	英語	宇宙飛行士。父名、母名より連想
2014	75	1575	アビラの2014	サンタテレサ	Santa Teresa	西語	スペインの都市アビラに建てられた修道院名。母名より連想
2014	76	1576	キャンパスライフの2014	ヴァーナルデイズ	Vernal Days	英語	青春の日々。一瞬で過ぎ去る青春の謳歌を願って。母名より連想
2014	77	1577	メジロジョーンズの2014	パリンジェネシス	Palingenesis	英語	復活、転生
2014	78	1578	セレブレイトコールの2014	エンドレスコール	Endless Call	英語	鳴り止まないコール。彼女を称える称賛のコールが響くことを願って
2014	79	1579	ブルーメンブラットの2014	ヴィルデローゼ	Wilde Rose	独語	野バラ。花の女王と呼ばれるバラのような活躍を期待して
2014	80	1580	メジロシャレードの2014	ヴァントシルム	Wandschirm	独語	銀幕。母名より連想
2014	81	1581	プリマフォルツァの2014	ヴェルティーチェ	Vertice	伊語	頂点。母名より連想
2014	82	1582	ロンダドールの2014	サンファニート	San Juanito	西語	フォルクローレの様式の一つ。ロンダドールを用いて演奏される
2014	83	1583	マンハッタンの2014	フィーユドトネール	Fille de Tonnerre	仏語	雷の少女。父名カネヒキリ（雷の精霊）より連想
2014	84	1584	ローカスの2014	ロータスブロッサム	Lotus Blossom	英語	蓮の花。ジャズのスタンダードナンバー。母名より連想
2013	1	1401	ジンジャーパンチの2013	ケイブルグラム	Cablegram	英語	ウイスキーとジンジャーエールを使用するカクテルの名。母名より連想。
2013	2	1402	オールザウェイベイビーの2013	アウェイク	Awake	英語	覚醒する。この血統の覚醒と、本馬の競走馬としての能力の覚醒を願い。
2013	3	1403	クイックリトルミスの2013	クイックモーション	Quick Motion	英語	素早い動き。素早いスタート、抜け出しが出来るように。母名より連想。
2013	4	1404	ケルアモーレの2013	ケルフロイデ	Quelle Freude	独語	歓喜の源。歓喜の源になるような活躍を期待して。
2013	5	1405	オーベルゲイドの2013	ラレッサングル	Larressingle	仏語	アルマニャック（ブランデー）が有名な仏のジェール県の美しい村。
2013	6	1406	モンローブロンドの2013	サーブルオール	Sable Or	仏語	金の砂。母名より連想。
2013	7	1407	ドルチェリモーネの2013	スコルツェッテ	Scorzette	伊語	レモンピールの砂糖漬にチョコレートがけした伊の菓子。母名より連想。
2013	8	1408	キューティゴールドの2013	スピアザゴールド	Spear the Gold	英語	金（１着）を突け（獲得しろ）。母系より連想。
2013	9	1409	ヒカルアモーレの2013	シュペルミエール	Super Lumiere	仏語	最高の光。父名、母名より連想。
2013	10	1410	エンシェントヒルの2013	コルコバード	Corcovado	ポルトガル語	ブラジルのリオデジャネイロにあるコルコバードの丘。母名より連想。
2013	11	1411	ラドラーダの2013	ティソーナ	Tizona	西語	スペインの英雄エル・シッドのもつ柄頭、鍔が黄金でできている名剣。
2013	12	1412	モンプティクールの2013	ブランシェクール	Blanche Coeur	仏語	白い心。毛色、母名より連想。
2013	13	1413	コーレイの2013	オリンダ	Olinda	ポルトガル語	世界遺産に登録されているブラジルの都市名。母の生産国より連想。
2013	14	1414	リーピングキャットの2013	シャソヴァージュ	Chat Sauvage	仏語	山猫。野性味溢れる活躍を願って。父、母の馬名より連想。
2013	15	1415	ヴィアンローズの2013	アジュールローズ	Azur Rose	仏語	青い薔薇。花言葉は奇跡。母名、本馬毛色より連想。
2013	16	1416	アネモティスの2013	ブリスフルタイム	Blissfull Time	英語	至福の時。至福の時間が過ごせますようにと願いを込めて。
2013	17	1417	エカルラートの2013	ラフォンテロッソ	La Fonte Rosso	伊語	赤い泉。夕日がトレビの泉にうつる様子を想起。母名より連想。
2013	18	1418	ラズベリータイムの2013	グースベリー	Gooseberry	英語	植物名。この実の如く、勝ち星を鈴なりにしてほしい。母名より連想。
2013	19	1419	イグジビットワンの2013	メートルダール	Maitres d'Art	仏語	芸術の匠。仏における、日本の人間国宝に相当する称号。母名より連想。
2013	20	1420	カニョットの2013	メディアルナ	Medialuna	西語	アルゼンチンのクロワッサン風朝食パンの定番。母の母国より連想。
2013	21	1421	バイラオーラの2013	カンタオール	Cantaor	西語	フラメンコの男性の歌い手。母名（フラメンコの女性踊り手）より連想。
2013	22	1422	プリンセスカメリアの2013	ヴィオレッタ	Violetta	英語	オペラ「椿姫」の登場人物名より。母名より連想。
2013	23	1423	カラベルラティーナの2013	キャピタルシップ	Capital Ship	英語	主力艦。母名、母父名より連想。Ｇ１で主力となることを願い。
2013	24	1424	トレッビアーノの2013	キャンベルアーリー	Campbell Early	英語	ぶどうの品種名。母名より連想。
2013	25	1425	クロノロジストの2013	クロノスタシス	Chronostasis	英語	錯覚の一種。母名より連想。他馬が止まって見えるような剛脚を期待し。
2013	26	1426	クレヨンルージュの2013	ルーナクレシェンテ	Luna Crescente	伊語	三日月。本馬の流星の一部が三日月の形に見えるので。
2013	27	1427	サイレンスギフトの2013	プレシャスギフト	Precious Gift	英語	大切な贈り物。活躍をプレゼントしてくれるように。母名より連想。
2013	28	1428	ハルーワソングの2013	シャンドランジュ	Chant de l'Ange	仏語	天使の歌声。天使の祝福を受けられるように。母名より連想。
2013	29	1429	メガクライトの2013	スパークルライト	Sparkle Light	英語	輝く光。輝く光のような存在になって欲しいと願って。
2013	30	1430	リッチダンサーの2013	ムーンクエイク	Moonquake	英語	月震。月を動かすくらいの躍動を期待して。父名、母名より連想。
2013	31	1431	マイティースルーの2013	マイティーゴールド	Mighty Gold	英語	力強い黄金色の輝き。本馬の馬体をイメージして。父名、母名より連想。
2013	32	1432	クレヴァリーの2013	アンテレクテュエル	Intellectuel	仏語	知的な。母名より連想。
2013	33	1433	フェルミオンの2013	アップクォーク	Up Quark	英語	フェルミオン（フェルミ粒子）の中に分類される粒子名。母名より連想。
2013	34	1434	ファーストチェアの2013	チーフコンダクター	Chief Conductor	英語	主席指揮者。母名より連想。常にレースを支配するような走りを願って。
2013	35	1435	アウトオブタイムの2013	スペシャルタイム	Special Time	英語	特別な時間。父名、母名より連想。
2013	36	1436	アドマイヤサンデーの2013	アドヴェントス	Adventus	ラテン語	降臨。感動を呼ぶ走りを見せて欲しいとの願いを込めて。
2013	37	1437	ヒルダズパッションの2013	ジークカイザー	Sieg Kaiser	独語	勝利＋皇帝。勝利を積み重ねて皇帝の座についてほしい。
2013	38	1438	レディドーヴィルの2013	レプランシュ	Les Planches	仏語	ドーヴィルの海沿いに６５０ｍほど続く板張りの遊歩道。母名より連想。
2013	39	1439	シンハリーズの2013	シンハライト	Sinhalite	英語	宝石名。輝かしい成績をおさめられるように。母名より連想。
2013	40	1440	レーヴディマンの2013	エールデュレーヴ	Aile du Reve	仏語	夢の翼。世界にはばたけるよう願いをこめて。母名より連想。
2013	41	1441	シーザリオの2013	リオンディーズ	Leontes	英語	シェイクスピア「冬物語」に登場する王の名。父名、母名より連想。
2013	42	1442	ディマクコンダの2013	クラリティーアイズ	Clarity Eyes	英語	澄みきった瞳。
2013	43	1443	ルミナスグルーヴの2013	グルーヴィタイム	Groovy Time	英語	素敵な時間。母名より連想。
2013	44	1444	マクダヴィアの2013	ポプルス	Populus	英語	ポプラの学名。母母名より連想。
2013	45	1445	ジュモーの2013	プロフェット	Prophet	英語	先駆者、預言者。父名より連想。
2013	46	1446	ディアデラノビアの2013	ドレッドノータス	Dreadnoughtus	英語	世界最大の恐竜名。恐れ知らずより。世界に名を馳せ突き進んで欲しい。
2013	47	1447	ヴェラブランカの2013	クレスクント	Crescunt	ラテン語	成長する。父のように古馬になっても大活躍するよう願い。
2013	48	1448	ブルーメンブラットの2013	クラシックリディア	Classic Lydia	英語	スプレーバラの一品種。大舞台で咲き誇って欲しい。母名より連想。
2013	49	1449	ジュピターズジャズの2013	マクスウェル	Maxwell	英語	マクスウェル山より。金星にある最高峰の山の名。
2013	50	1450	ササファイヤーの2013	エクスプロード	Explode	英語	大爆発。大舞台で能力を大爆発させて欲しいという願いを込めて。
2013	51	1451	フォルテピアノの2013	アインザッツ	Einsatz	独語	力強い総奏による楽曲の出だし。母名より連想。
2013	52	1452	クリソプレーズの2013	アルマンディン	Almandine	英語	宝石名（ガーネットの一種）。母名より連想。石言葉は真実、勝利。
2013	53	1453	リーサルヒートの2013	アルティマヒート	Ultima Heat	英語	究極の熱量。母名より連想。
2013	54	1454	ココシュニックの2013	ココファンタジア	Koko Fantasia	伊語	母名より＋幻想的。人々が想いもつかない様な素晴らしい走りを願って。
2013	55	1455	ヒストリックスターの2013	リュラ	Lyra	ラテン語	こと座。１等星ベガを持つ。
2013	56	1456	カメリアローズの2013	フェザリータッチ	Feathery Touch	英語	白いつばきの花の名前。母名より連想。
2013	57	1457	ガヴィオラの2013	グレートウォール	Great Wall	英語	膨大な数の銀河から構成されている宇宙の大規模構造名。母名より連想。
2013	58	1458	キッズトゥデイの2013	カープストリーマー	Carp Streamer	英語	鯉のぼり。鯉の滝登りの様な出世を願い。母名、本馬誕生月日より連想。
2013	59	1459	リリサイドの2013	レイリオン	Leirion	希語	ユリ。花言葉は栄華。本馬の栄華を願い。母名より連想。
2013	60	1460	ワイオラの2013	マカレア	Maka Le'a	ハワイ語	輝く瞳。輝く瞳を持つ本馬の容姿より連想。
2013	61	1461	マンボスルーの2013	ヴィクトリアマンボ	Victoria Mambo	英語	人名より＋マンボ。華麗な走り（踊り）で。父、母、母父名より連想。
2013	62	1462	リーチコンセンサスの2013	シュネルギア	Synergia	希語	共働、協調。父名、母名より連想。
2013	63	1463	ムガメールの2013	アブソルプション	Absorption	英語	夢中。すべての人々が夢中になるほどの圧倒的な走りを期待して。
2013	64	1464	ダンスザクラシックスの2013	クラシカルチュチュ	Classical Tutu	英語	バレエの舞台衣装。観客を魅了することを期待して。母名より連想。
2013	65	1465	ミスエアクラフトの2013	ストライクイーグル	Strike Eagle	英語	戦闘機Ｆ－１５Ｅの愛称。母名より連想。
2013	66	1466	ブロードアピールの2013	スタンリープール	Stanley Pool	英語	キンシャサに面したマレボ湖の旧称。
2013	67	1467	マチカネホレルナヨの2013	コイスルキセキ	Koisuru Kiseki	日本語	恋する奇跡。父名、母名より連想。
2013	68	1468	ファーレサルティの2013	ファルセータ	Falseta	西語	ギター演奏用のメロディー（フラメンコ用語）。母名、母父名より連想。
2013	70	1470	マギストラの2013	エクディス	Ecdis	英語	航海計画や航行監視を支援する航海情報システム。父名より連想。
2013	71	1471	シャンスイの2013	カーラーグル	Kalaguru	サンスクリット語	香料の一種。ジンコウ（香木）の樹心から製する良質の香。
2013	72	1472	スキッフルの2013	エスティタート	Estitato	伊語	美しく（音楽用語）。母名より連想。
2013	73	1473	ジューンアナガリスの2013	デューズワイルズ	Deuce Wilde	英語	ポーカーの一種。父名より連想。
2013	74	1474	レストレスハートの2013	レイジングハート	Raising Heart	英語	奮い立つ心。強い精神力の持ち主となることを願って。母名より連想。
2013	75	1475	クリンゲルベルガーの2013	レンベルガー	Lemberger	独語	赤ワインに使用される黒ブドウの品種。母名より連想。
2013	76	1476	プルーフオブラヴの2013	クロークス	Krokus	独語	クロッカス。愛の証として命名（ギリシャ神話）。母名より連想。
2013	77	1477	イサドラの2013	ジーニアスダンサー	Genius Dancer	英語	天才舞踏家。母名（モダンダンスの祖）より連想。
2013	78	1478	スターリットラヴの2013	インフィニティラヴ	Infinity Love	英語	無限の愛。限りない愛情を受け競走馬生活が送れる様に。母名より連想。
2013	79	1479	ムービングアウトの2013	ヴィグラスムーヴ	Vigorous Move	英語	活発な動き。父名、母名より連想。
2013	81	1481	プリンセスドルチェの2013	シャインティアラ	Shine Tiara	英語	輝くティアラが似合う牝馬になって欲しいと願って。
2013	82	1482	スウィートマフィンの2013	ショコラシュクレ	Chocolat Sucre	仏語	甘いチョコレート。母名、本馬の誕生日より連想。
2013	83	1483	シンプルザベストの2013	ミリオンウェイズ	Million Ways	英語	１００万通りの道筋。地方からあらゆる可能性を求めて。父名より連想。
2013	84	1484	サワズソングの2013	トロヴァオ	Trovao	ポルトガル語	雷鳴。その名を轟かせてほしい。父名より連想。
2013	85	1485	メジロベイシンガーの2013	ナインハーフ	Nine Half	英語	映画名より。母名より連想。
2012	1	1301	ヴィートマルシェの2012	アヴニールマルシェ	Avenir Marcher	仏語	「未来への行進」の意。素晴らしい未来、勝利を期待して。母名より連想。
2012	2	1302	ムーンライトダンスの2012	パンデイア	Pandeia	英語	月の女神セレーネーの娘の名前。「あまねく輝く女」の意。
2012	3	1303	キューの2012	ブレイクエース	Break Ace	英語	ナインボールのブレイクで９番ボールのみが入ること（ビリヤード用語）。母名より連想。
2012	4	1304	エレガントマナーの2012	リーガルプレゼンス	Regal Presence	英語	「王者の風格」の意。両親の名を受け継ぎ王者のような活躍を期待して。
2012	5	1305	ドルチェリモーネの2012	アマレッティ	Amaretti	伊語	イタリアの菓子。母名より連想。
2012	6	1306	ライラックレーンの2012	エクストラペトル	Extra Petal	英語	「特別な花びら」の意。母名より連想。
2012	7	1307	ディアデラノビアの2012	サンマルティン	San Martin	西語	南アメリカ各国を独立に導いた英雄。アルゼンチン輩出の軍人名より。
2012	8	1308	メジロルルドの2012	マッサビエル	Massabielle	仏語	ルルドの泉にある洞窟名。馬にもファンにも天使が舞い降りるよう願って。
2012	9	1309	ビスクドールの2012	ジュモートリステ	Jumeau Triste	仏語	１９世紀から仏で製作されてきたビスクドールの一種。母名より連想。
2012	10	1310	パーフェクトマッチの2012	パーフェクトビュー	Perfect  View	英語	「眺望」の意。母名より連想。
2012	11	1311	シアトルサンセットの2012	エリオットベイ	Elliott Bay	英語	シアトル市に面する湾の名前。母名より連想。
2012	12	1312	ゴレラの2012	プルガステル	Plougastel	仏語	苺の名産地として有名なフランス北西部の街名より。母名より連想。
2012	13	1313	タイムウィルテルの2012	タイムフォラヴ	Time for Love	英語	「恋の時間」の意。本馬の誕生日２月１４日のバレンタインデーと母名より連想。
2012	14	1314	ピューリティーの2012	ピュールボーテ	Pure Beaute	仏語	「純粋な美しさ」の意。母名より連想。
2012	15	1315	トキオリアリティーの2012	レアリスタ	Realista	西語	「現実的な」の意。母名より連想。
2012	16	1316	クロノロジストの2012	ウォークロニクル	War Chronicle	英語	軍記物語。数多の戦いで華々しく活躍できるように。父、母名より連想。
2012	17	1317	データの2012	アンティキティラ	Antikythira	希語	アンティキティラ島近海で発見された最古の科学計算機。母名より連想。
2012	18	1318	ヒカルアモーレの2012	アモーレエテルノ	Amore Eterno	伊語	「永遠の愛」の意。母名より連想。
2012	19	1319	ラフィントレイルの2012	ブランダルジャン	Blanc d’Argent	仏語	「銀白色」の意。本馬の毛色より連想。
2012	20	1320	シャンスイの2012	パフューマー	Perfumer	英語	「調香師」の意。母名より連想。
2012	21	1321	マイティースルーの2012	マイティーハニー	Mighty Honey	英語	「力強い女性、またとても素晴らしくて愛しい人」の意。
2012	22	1322	ペンカナプリンセスの2012	ヴァシリーサ	Vasilissa	古代ギリシャ語	「女王」の意。競馬界の女王を目指してほしいとの願いをこめて。
2012	23	1323	カラベルラティーナの2012	ヴィアージェン	Viagem	ポルトガル語	「航海」の意。母名より連想。
2012	24	1324	ベビーグランドの2012	ヴァージナル	Virginal	英語	鍵盤楽器チェンバロの一種。母名より連想。
2012	26	1326	ダークサファイアの2012	サフィロス	Sappheiros	希語	「青色」の意。サファイアの語源。母名より連想。
2012	27	1327	ジンジャーパンチの2012	ルージュバック	Rouge Buck	英語	ブランデーをジンジャーエールで割ったカクテル名。母名より連想。
2012	28	1328	ヴェラブランカの2012	ムーンセイル	Moonsail	英語	クリッパー船などの快速帆船の最も高い位置にある帆。母名より連想。
2012	29	1329	カニョットの2012	メイアルーア	Meia Lua	ポルトガル語	「半月」の意。サッカーのフェイント。相手を抜去ってほしい。
2012	30	1330	メガクライトの2012	エストレージャ	Estrella	西語	「星」の意。母名より連想。
2012	31	1331	リビングデイライツの2012	リーディングライツ	Leading Lights	英語	「導く＋光」の意。勝利に導く光。
2012	32	1332	ライツェントの2012	ベツァオバーン	Bezaubern	独語	「魅了する」の意。見ている人を魅了する走りをと思いを込めて。
2012	33	1333	ロゼットネビュラの2012	ジョッセルフェルト	Gisselfeld	デンマーク語	薔薇の品種名。母名より連想。大輪を咲かせて欲しいと願って。
2012	34	1334	フェルミオンの2012	ストレンジクォーク	Strange Quark	英語	フェルミオン（フェルミ粒子）の中に分類される粒子名。母名より連想。
2012	35	1335	ピノシェットの2012	ピンクブーケ	Pink Bouquet	英語	母母名の一部＋ワインの熟成によって生まれた香り（ワイン用語）。
2012	36	1336	カスタリアの2012	カリオペイア	Kalliopeia	ラテン語	叙事詩を司る女神（ギリシャ神話）。父名、母名より連想。
2012	37	1337	アトムチェリーの2012	キルシュガイスト	Kirschgeist	独語	さくらんぼをエタノール漬けにして作る蒸留酒。母名より連想。
2012	38	1338	リンガフランカの2012	クレオール	Creole	英語	異なる言語による共通語であるクレオール言語より。母名より連想。
2012	39	1339	メジロヒラリーの2012	ラッシュアタック	Rush Attack	英語	一気に頂上を目指す登山法。母名より連想。
2012	40	1340	ヴァイスハイトの2012	シェーンハイト	Schonheit	独語	「美」の意。美しい勝ち方をして欲しい願いを込めて。母名より連想。
2012	41	1341	イグジビットワンの2012	アールブリュット	Art Brut	仏語	生の芸術。母名より連想。
2012	42	1342	ポトリザリスの2012	レレオーネ	Re  Leone	伊語	獅子王。母の生産国アルゼンチンのサッカー選手バティストゥータの愛称。
2012	43	1343	シェルズレイの2012	シャイニングレイ	Shining Lei	英語	「輝く＋母名の一部」の意。競走馬として輝かしい歴史を創ることを願って。
2012	44	1344	クルソラの2012	クルミナル	Culminar	西語	「頂点に達する」の意。競馬界の頂点に立つ存在になることを願って。
2012	45	1345	アディクティドの2012	クルーガー	Kluger	独語	「賢者」の意。賢い競走馬に育ってほしいと願いをこめて。
2012	46	1346	リッチダンサーの2012	メリーモナーク	Merrie Monarch	英語	ハワイ島で行われるフラの大会名。父名、母名より連想。
2012	47	1347	チアズメッセージの2012	クリプトグラム	Cryptogram	英語	「暗号（神秘的なシンボル）」の意。神秘的な活躍を期待して。母名より連想。
2012	48	1348	シェリールの2012	エトランドル	Etreindre	仏語	「抱きしめる」の意。母系より連想。
2012	49	1349	シーザリオの2012	クローディオ	Claudio	英語	シェイクスピア作「空騒ぎ」の登場人物名より。母名より連想。
2012	50	1350	ラフェクレールの2012	アルフヘイム	Alfheim	ノルウェー語	北欧神話における光の妖精が住む国。
2012	51	1351	オレンジピールの2012	オランジェット	Orangette	仏語	ピール（柑橘類の皮の砂糖漬け）をチョコレートで包んだフランス菓子 。
2012	52	1352	エンシェントヒルの2012	ネオロフォス	Neo Lofos	希語	「新しい丘」の意。父名（新しい）、母名（古い丘）より連想。
2012	53	1353	ブルーラスターの2012	スプランドゥール	Splendeur	仏語	「輝き、華麗」の意。母名より連想。
2012	54	1354	カメリアローズの2012	ノーブルリーズン	Noble Reason	英語	高潔な理性。ツバキの花言葉。母名より連想。
2012	55	1355	プンティラの2012	プリーメル	Primel	独語	「桜草」の意。競走馬生活がまさに花言葉通り満足できるように願って。
2012	56	1356	オリジナルスピンⅡの2012	アクセラレート	Accelerate	英語	「加速する」の意。回転の速さで直線を一気に加速してほしい。母名より連想。
2012	57	1357	フィックルベリーの2012	アプリコットベリー	Apricot Berry	英語	「杏の実」の意。果実が黄金色をしていることから。母名、父名より連想。
2012	58	1358	アンプレヴーの2012	エクラドレーヴ	Eclat de Reve	仏語	「夢の輝き」の意。輝く実績をあげる夢の現実化を願って。両親より連想。
2012	59	1359	ティエッチマンボの2012	ティンバレス	Timbales	英語	主にラテン音楽で使用される打楽器名。母名より連想。
2012	60	1360	クリソプレーズの2012	リアファル	Lia Fail	愛語	「戴冠石」の意。ケルト神話、ダーナ神族に登場するエリンの四秘宝のひとつ。
2012	61	1361	トキオタヒーチの2012	フェティア	Feti’a	タヒチ語	「星」の意。星のように輝くように願いを込めて。母名より連想。
2012	62	1362	シンハリーズの2012	アダムスブリッジ	Adam’s Bridge	英語	ポーク海峡にある石灰岩の砂州と浅瀬の連なり。母、兄名より連想。
2012	63	1363	グレイトフィーヴァーの2012	シャルール	Chaleur	仏語	「情熱」の意。母名より連想。
2012	64	1364	リリサイドの2012	プルメリアスター	Plumeria Star	ハワイ語＋英語	「花名＋星」の意。情熱を持ち陽だまりのような馬となって翔けぬけてほしい。
2012	65	1365	ハートビートワルツの2012	レントラー	Landler	独語	ワルツの起源でもある３／４拍子の南ドイツの民族舞踊。母名より連想。
2012	66	1366	シルバーチャリスの2012	チャリスウェル	Chalice Well	英語	英グラストンベリーの聖なる泉。パワースポットで有名。母名より連想。
2012	67	1367	ハルーワソングの2012	ベルディーヴァ	Belle Diva	仏語	「美しい歌姫」の意。母名より連想。
2012	68	1368	ラフィカの2012	トゥルビネ	Turbine	伊語	「旋風」の意。競馬界に旋風を巻き起こしてほしいと願い。母名より連想。
2012	69	1369	ササファイヤーの2012	サンフレイム	Sun Flame	英語	「太陽の炎」の意。母名より連想。熱い走りを見せてほしい。
2012	70	1370	マンハッタンの2012	グランドセントラル	Grand Central	英語	マンハッタンにあるターミナル駅名。母名より連想。
2012	71	1371	マルティンスタークの2012	グリューヴァイン	Gluhwein	独語	聖マルティン祭で振舞われるワイン。ファンの心を温める走りを願って。
2012	72	1372	キューティゴールドの2012	イルミリオーネ	Il Milione	英語	マルコポーロの東方見聞録。黄金の様な輝く活躍を期待。母系より連想。
2012	73	1373	シルヴァースカヤの2012	アルギュロス	Argyros	希語	「銀色」の意。輝くような競走生活になるように。母名より連想。
2012	74	1374	グレイトグレイスの2012	グラツィオーソ	Grazioso	伊語	「優雅に、気品を持って」の意を持つ音楽用語。母名より連想。
2012	75	1375	スルーレートの2012	ビットレート	Bit Rate	英語	単位時間当たりのデータ転送量のこと。母名より連想。
2012	76	1376	オルティアの2012	アルテミスアロー	Artemis Arrow	英語	狩猟の女神アルテミスの矢。母名と同じくギリシャ神話より連想。
2012	77	1377	カイゼリンの2012	エーデルフラウ	Edel Frau	独語	「高貴な女性」の意。母名より連想。
2012	78	1378	ファーレサルティの2012	サルタレロ	Saltarello	伊語	伊１３世紀からの活発陽気なダンス。速い３拍子の音楽。母名より連想。
2012	79	1379	セレブレイトコールの2012	セレブレイトソング	Celebrate Song	英語	「祝いの歌」の意。母名より連想。
2012	80	1380	ビオンドパンテーラの2012	レオパルディナ	Leopardina	伊語	「小さくて可愛い豹」の意。小柄である当馬の印象を母名より連想。
2012	81	1381	セメイユドゥヴォンの2012	クランデール	Courant d’Air	仏語	「気流」の意。気流に乗ってどこまでも進むことを願って。母名より連想。
2012	82	1382	レストレスハートの2012	ルーセントハート	Lucent Heart	英語	「光り輝く心」の意。光り輝く心で勝利をつかんでほしい。母名より連想。
2012	83	1383	ティフィンの2012	ルフナ	Ruhuna	英語	スリランカ産紅茶の品種名。高温乾燥により濃厚な渋味。両親より連想。
2012	84	1384	ピンクアリエスの2012	サンディークス	Sandix	ラテン語	「朱色」の意。ダート界で活躍した父名より連想。
2012	85	1385	トップライナーⅡの2012	トップビリング	Top Billing	英語	「序列一番、主役」の意。常にレースの主役であるよう願い。両親姉名より連想。
2012	86	1386	ミーⅡの2012	イッツマイン	It’s Mine	英語	「それは私のもの」の意。数々のタイトルを自身のものにと願い。母名より連想。
2012	87	1387	レーヴディマンの2012	ジェアンレーヴ	J’ai un Reve	仏語	「私には夢がある」の意。父の様に世界的な活躍を願って。母名より連想。
2012	88	1388	フローリッドコートの2012	カールトンガーデン	Carlton Garden	英語	オーストラリア・メルボルンにある世界遺産の庭園。父、母名より連想。
2012	89	1389	コープランズナニーの2012	ワールドアトラス	World Atlas	英語	「世界地図」の意。父豪州産母米国産で日本育ち。世界中で活躍して欲しい。
2012	90	1390	モンプティクールの2012	ラプティファデット	La Petit Fadette	仏語	「愛の妖精」の意。仏の作家ジョルジュサンドが書いた小説の題名より。
2012	91	1391	プリマフォルツァの2012	トゥッタフォルツァ	Tutta Forza	伊語	「全力で（音楽用語）」の意。全てのレースで自身の力が発揮できることを願い。
2012	92	1392	マックスドゥイットの2012	マックスアチーバー	Max Achiever	英語	「最高の達成者」の意。母名より連想。
2012	93	1393	サイレントレガシーの2012	サイレントプルーフ	Silent Proof	英語	「暗黙の証明」の意。母名より連想。
2011	1	1201	ディスカバリングビューティーの2011	パスファインダー	Pathfinder	英語	NASAがディスカバリー計画の一環として行った火星探査計画名より。  頂点への道を力強く切り開き、栄光を掴んで欲しいとの願いをこめて。 両親名より連想。
2011	2	1202	クリソプレーズの2011	マリアライト	Marialite	英語	「成功の石」と呼ばれるパワーストーン名。 母名より連想。
2011	3	1203	キューの2011	キュリオスティー	Curiosity	英語	「好奇心」の意。 母名より連想。
2011	4	1204	バイラリーナの2011	ピエリーナ	Pierina	伊語	イタリアのバレリーナ名より。母名より連想。
2011	5	1205	ディアデラノビアの2011	ディアデルレイ	Dia del Rey	西語	「王の日」の意。ターフの王者となる日を夢見て。母名より連想。
2011	6	1206	チアズメッセージの2011	ロワメサージュ	Roi Message	仏語	「王＋伝言」の意。  両親の能力を受け継ぐ活躍を願って。両親名より連想。
2011	7	1207	ファインセラの2011	セルバンテス	Cervantes	西語	スペインの小説家カミーロ・ホセ・セラが受賞した文学賞名。 スペイン語圏の文学賞の中で最も重要な賞と言われており、本馬も競馬界で最も強い馬になって欲しいという思いを込めて。母名より連想。
2011	8	1208	ベルフィーチャーの2011	ベルプラージュ	Belle Plage	仏語	「美しい海岸」の意。人々を魅了するような活躍を期待して。父名、母系より連想。
2011	9	1209	スルーレートの2011	ハイアーレート	Higher Rate	英語	「高確率」の意。高い確率で勝ち進んで欲しいという希望を込めて。母名より連想。
2011	10	1210	トップモーションの2011	トゥルーモーション	True Motion	英語	「正しい動作」の意。理想の走りで人々を魅了して欲しいという願いを込めて。母名より連想。
2011	11	1211	ガヴィオラの2011	ホワイトミーティア	White Meteor	英語	「白い隕石」の意。本馬の毛色、母名より連想。
2011	12	1212	リッチダンサーの2011	バウンスシャッセ	Bounce Shasse	英語	「弾むような感じで踊る（ダンス用語）」の意。レースでも弾むような走りを見せて欲しいという願いを込めて。母名より連想。
2011	13	1213	シーズライクリオの2011	ステラストリーム	Stellar Stream	英語	天の川にある恒星の集団名より。 天に輝く美しい川の流れのごとくの素晴らしい走りをしてくれることを願って。 父名より連想。
2011	14	1214	スパイラルリングの2011	チャンピオンリング	Champion Ring	英語	「優勝者に贈られる指輪」の意。競走馬の頂点に立って欲しいとの願いを込めて。母名より連想。
2011	15	1215	トキオリアリティーの2011	ネオリアリズム	Neorealism	英語	「新現実主義」の意。大舞台での活躍が現実（リアル）になるようにとの願いを込めて。両親名より連想。
2011	16	1216	カクタスペアの2011	ヴィータアレグリア	Vita Allegria	伊語	「生きる喜び」の意。 多くの人を喜ばせる存在になる事を願って。
2011	17	1217	ビージョイフルアンドリジョイスの2011	ジョイフルステップ	Joyful Step	英語	喜びに溢れたステップでの勝利を願って。母名より連想。
2011	18	1218	マックスキャンドゥの2011	マックスユーキャン	Max You Can	英語	最高の結果を実現して欲しいとの願いを込めて。母名より連想。
2011	19	1219	フロイラインローゼの2011	ノヴァーリス	Novalis	独語	青バラの品種名。現在存在する青バラ系品種の中で最も丈夫で強いバラの名。 丈夫で他馬を圧倒するような強さを持った馬になることを期待して。母名より連想。
2011	20	1220	フライングメリッサの2011	ワッグルダンス	Waggle Dance	英語	ミツバチが８の字に飛び回る行動。母名より連想。
2011	21	1221	ウェスタリーズの2011	ジャッカスバーク	Jackass Bark	英語	３本以上のマストを持つ帆船。母（偏西風の意）からの風を力にして速く走れるようにとの願いを込めて。 母名より連想。
2011	22	1222	グランプリソフィの2011	ソフィスティケイト	Sophisticate	英語	「洗練される」の意。近親の活躍馬以上に、強く洗練された走りをして欲しいとの願いを込めて。母名より連想。
2011	23	1223	ペニーホイッスルの2011	ファドーグ	Feadog	愛語	アイルランド語で「ペニーホイッスル」の意。 母の想いを受け継いで欲しいとの願いを込めて。
2011	24	1224	ピューリティーの2011	パルティール	Partir	仏語	「新たな旅立ち、出発」の意。負けても挫折することなく、そこから再出発して欲しいとの思いを込めて。父名より連想。
2011	25	1225	ルシルクの2011	ハイデッカー	High Decker	英語	眺望を主眼に置き、客室の床を高い位置に配したバスや鉄道車両。この馬に関わる全ての人々の夢を乗せて走って欲しいとの願いを込めて。
2011	26	1226	ザロミアの2011	サンドミエシュ	Sandomierz	ポーランド語	ポーランド南東部の街名。中世からの歴史的街並みがそのまま残っており、最も古い街の一つとして知られている。
2011	27	1227	セシルカットの2011	クラシックカール	Classic Curl	英語	髪型の一種。 牝馬三冠のクラシックでも活躍できるような馬になるようにとの願いを込めて。母名、母母名より連想。
2011	28	1228	モンローブロンドの2011	プラチナブロンド	Platina Blonde	英語	金髪（ブロンド）の種類の一つ。本馬の尾の色と母名より連想。
2011	29	1229	ワイルドフラワーの2011	シャークベイ	Shark Bay	英語	西オーストラリア州にある自然遺産登録された湾名。同州には野生花（ワイルドフラワー）が多数咲いている。母名より連想。
2011	30	1230	カラベルラティーナの2011	サグレス	Sagres	ポルトガル語	ポルトガル海軍の帆船名。母名より連想。
2011	31	1231	メガクライトの2011	コズミックライト	Cosmic Light	英語	「神秘的な灯り」の意。大きな灯りとなる活躍を期待して。母名より連想。
2011	32	1232	スペシャライズの2011	シングルカスク	Single Cask	英語	一切のブレンドを行わない、樽から取り出しただけのピュアなウイスキー。父名より連想。
2011	33	1233	ミラクルレイザーの2011	レイズアスピリット	Raise a Spirit	英語	「士気を高める」の意。母名より連想。
2011	34	1234	ディナータイムの2011	ディナーベル	Dinner Bell	英語	「家族や客に食事の用意のできたことを知らせる鈴」より。母名より連想。
2011	35	1235	キッズエンジェルの2011	エンジェルピース	Angel Peace	英語	「天使＋平和」の意。母名より連想。
2011	36	1236	レッドチリペッパーの2011	ゴーストペッパー	Ghost Pepper	英語	世界一辛い唐辛子名。競馬の世界においても一番になれる事を願って。母名より連想。
2011	37	1237	ローザネイの2011	ローザフィナーレ	Rosa Finale	仏語	母名の一部+終楽章。偉大な母の最後の産駒として、有終の美を飾るに相応しい活躍をして欲しいとの願いを込めて。
2011	38	1238	ケルアモーレの2011	ケルシャンス	Quelle Chance	仏語	｢最高に幸せ｣の意。全ての人と最高に幸せな時間を共有できるようにとの願いを込めて。母名より連想。
2011	39	1239	アディクティドの2011	アウストル	Austru	英語	ドナウ川の下流地域で吹く乾燥した西風。本馬の旋風が競馬場で吹くことを期待して。
2011	40	1240	ココシュニックの2011	ステファノス	Staphanos	希語	「冠」の意。本馬の輝かしい活躍を願って。母母名より連想。
2011	41	1241	フォーシンズの2011	エーデルグランツ	Edel Glanz	独語	「気高い光」の意。輝きに満ちた競走生活を送れるようにとの願いを込めて。本馬の馬体より連想。
2011	42	1242	スキッフルの2011	フェルメッツァ	Fermezza	伊語	「強さ、安定（音楽用語）」の意。 母名より連想。
2011	43	1243	オールザウェイベイビーの2011	オーマイベイビー	Oh My Baby	英語	「ああ、私のベイビー」の意。母名より連想。
2011	44	1244	ヒストリックスターの2011	ハープスター	Harp Star	英語	ベガ（こと座の一等星）の別名。
2011	45	1245	トキオタヒーチの2011	ライロア	Rairoa	タヒチ語	「広大な空」の意。タヒチにある世界で２番目に大きいランギロア環礁の名前の由来となった言葉。母名より連想。
2011	46	1246	ラフアップの2011	アップカレント	Up Current	英語	「上向きに上がる流れ（ダイビング用語）」の意。競走成績の上昇を期待して。母名より連想。
2011	47	1247	マンハッタンの2011	アンゴスチュラ	Angostura	英語	カクテルの女王と呼ばれる「マンハッタン」で使用する苦味酒の原料。 母名より連想。
2011	48	1248	ブルーメンブラットの2011	クリーブラット	Kleeblatt	独語	「クローバーの葉」の意。四つ葉のクローバーは幸福の象徴とされる。母名より連想。
2011	49	1249	スプリングコートの2011	マニッシュコート	Mannish Coat	英語	男性的なデザインの女性用コートの総称。 牡馬に混じって活躍出来るような競走馬になって欲しいとの願いを込めて。 母名より連想。
2011	50	1250	ドルチェリモーネの2011	デリッツァリモーネ	Delizia al Limone	伊語	イタリアのソレント半島で人気のレモンを使ったデザート。 デリッツァは「歓喜」の意であり、大レースに勝利して歓喜をもたらして欲しいとの願いを込めて。母名より連想。
2011	51	1251	トゥザヴィクトリーの2011	トゥザワールド	To the World	英語	「世界へ向かって」の意。世界の舞台で活躍できますようにとの願いを込めて。母名より連想。
2011	52	1252	トールポピーの2011	オリエンタルポピー	Oriental Poppy	英語	花名。花言葉は「繁栄」。母トールポピーの血脈が繁栄される事を願って。
2011	53	1253	クリームオンリーの2011	ファイネスト	Finest	英語	「最上・極上」の意。ターフで最高の走りを披露してくれることを願って。
2011	54	1254	ハルーワソングの2011	ジェットブラック	Jet　Black	英語	「漆黒」の意。本馬の毛色より連想。
2011	55	1255	ポトリザリスの2011	プルママルカ	Purmamarca	西語	アルゼンチンの世界遺産「ウマウアカ渓谷」にある村の名より。 ウマワカ渓谷の中で一番美しいといわれている七色の丘がある。 この丘のように、輝かしい競走生活を送って欲しいとの願いを込めて。
2011	56	1256	シーズアンの2011	グレンガイル	Glengyle	英語	ロブ・ロイの生誕地にあるグレンガイル・ハウスより。父名より連想。
2011	57	1257	フォルテピアノの2011	ハンマークラビア	Hammerklavier	独語	19世紀初頭におけるピアノの呼称。壮大なメロディーを奏で欲しいとの願いを込めて。母名より連想。
2011	58	1258	シンハリーズの2011	リラヴァティ	Lilavati	英語	スリランカの女王名。世代の女王になれるようにとの願いを込めて。母名より連想。
2011	59	1259	ジンジャーパンチの2011	マミーテイラー	Mamie Taylor	英語	ロブロイ・カクテルのベースのスコッチウイスキーとジンジャーエールを使用したカクテル名。父母の良い所を受け継ぎ世界に羽ばたいて欲しいとの願いを込めて。両親名より連想。
2011	60	1260	ヴィートマルシェの2011	グレナディアーズ	Grenadiers	英語	行進曲・ブリティッシュ・グレナディアーズ（英国擲弾兵連隊行進曲）より。誇り高く、勇ましく走って欲しいとの願いを込めて。母母名より連想。
2011	61	1261	クルソラの2011	ピオネロ	Pionero	西語	「先駆者」の意。競馬界の先駆者になって欲しいとの願いを込めて。
2011	62	1262	ケイティーズベストの2011	ケイティーズスター	Katies Star	英語	母名の一部＋星。ケイティーズ一族の輝く星になって欲しいとの願いを込めて。母名より連想。
2011	63	1263	モンプティクールの2011	ヴレクール	Vrai Coeur	仏語	「まごころ」の意。　皆に愛される競走馬になることを願って。　母名、母母名より連想。
2011	64	1264	プリンセスミラクルの2011	マジェスティシップ	Majesty Ship	英語	「陛下の船」の意。母名より連想。
2011	65	1265	タンザナイトの2011	ウォルフラム	Wolfram	独語	銀白色の非常に硬い金属。丈夫な馬に育って欲しいとの願いを込めて。本馬の毛色より連想、
2011	66	1266	インディスユニゾンの2011	プライマリーコード	Primary Chord	英語	「主要三和音（音楽用語）」の意。三拍子揃った競走馬になって欲しいとの願いを込めて。母名より連想。
2011	67	1267	マチカネエンジイロの2011	アカネイロ	Akaneiro	日本語	茜色。母名より連想。
2011	68	1268	シーザリオの2011	ロザリンド	Rosalind	英語	シェイクスピア作「お気に召すまま」の主人公名。母シーザリオと同様、物語の中で男装する女性。男勝りの競走馬になって欲しいと願いを込めて。
2011	69	1269	ヴァイスハイトの2011	ロスヴァイセ	Rossweisse	独語	ワーグナー作「ニーベルングの指環」の登場人物名より。母名の響きより連想。
2011	70	1270	エンシェントヒルの2011	フルヴィエール	Fourviere	仏語	フランス・リヨンにある丘の名より。 頂上にあるノートルダム大聖堂は勝利の象徴と言われている。母名より連想。
2011	71	1271	ケルティックハープの2011	アイリッシュハープ	Irish Harp	英語	アイルランド地方のケルトハープの別名。母名より連想。
2011	72	1272	グレイトフィーヴァーの2011	サンジェナーロ	San Gennaro	英語	ニューヨークのストリートフェスティバル・サンジェナーロフェスティバルより。両親名より連想。
2011	73	1273	ラフィントレイルの2011	スタートレイル	Star Trail	英語	「星の軌跡」の意。輝かしい成績を残す競走馬になることを願って。母名より連想。
2011	74	1274	キッズトゥデイの2011	ミナスジェライス	Minas Gerais	ポルトガル語	コーヒー豆や宝石の産地として知られるブラジルの州名。実り豊かな競走生活を願って。母父の生産国より連想。
2011	75	1275	アドマイヤセラヴィの2011	ビブラビブレ	Vivra Vivre	仏語	「素晴らしき人生」の意。母名より連想。
2011	76	1276	エンプレスティアラの2011	セントコロナ	Szent Korona	ハンガリー語	「聖冠」の意。母名より連想。
2011	77	1277	サワズソングの2011	ミンネゼンガー	Minnesanger	独語	「愛の歌い手」を意味する中世ドイツの騎士歌人の総称。母名より連想。
2011	78	1278	ブリズデロートンヌの2011	シュシュブリーズ	Chouchou Brise	仏語	「お気に入りのそよ風」の意。母名より連想。
2011	79	1279	マチカネホレルナヨの2011	キミニヒトメボレ	Kimini Hitomebore	日本語	君に一目惚れ。誰もが姿を見ただけで、一目惚れしてしまうような馬になって欲しいとの願いを込めて。母名より連想。
2011	80	1280	シャンスイの2011	ルヴァンカー	Le Vainqueur	仏語	「征服者」の意。黄金の血統で競馬界を征服してほしいとの願いを込めて。 母名より連想。
2011	81	1281	ラヴァーズチェイスの2011	ブレイズゴールド	Blaze Gold	英語	「輝く黄金」の意。光輝く成績を納められるようにとの願いを込めて。父名より連想。
2011	82	1282	フローリッドコートの2011	フリージアコート	Freesia Court	英語	二月の誕生花＋母名の一部。母名、本馬の生まれ月より連想。
2011	83	1283	フェリークの2011	ラフェドフルール	La Fee de Fleur	仏語	「花の妖精」の意。両親名より連想。
2011	85	1285	シーユーサンデーの2011	サンデークロウズ	Sunday Clothes	英語	「晴れ着」の意。晴れ着で出かけるようなビッグレースに数多く出走して欲しいとの願いを込めて。母名より連想。
2011	86	1286	マルカコマチの2011	アデヤカコマチ	Adeyaka Komachi	日本語	艶やか＋母名の一部。ファンを虜にさせるようなレースでのパフォーマンスを期待して。
2011	87	1287	グリントウィークの2011	グリントモーメント	Glint  Moment	英語	「煌めく瞬間」の意。大レースで輝かしい成績を残し、たくさん煌めいて欲しいとの願いを込めて。母名より連想。
2011	88	1288	インディゴワルツの2011	メフィストワルツ	Mephisto Waltz	英語	フランツ･リスト作曲の超絶技巧ピアノ曲名｡  演奏する上で速さと力強さを必要とする同曲のようにスピードとパワーを兼ね備えた競走馬になって欲しいとの願いを込めて。母名より連想｡
2011	89	1289	リーサルヒートの2011	トータルヒート	Total  Heat	英語	「全熱量（物理学用語）」の意。目に見えるエネルギーも内に秘めた見えないエネルギーもターフですべてを出し切れるようにとの願いをこめて。母名より連想。
2011	90	1290	バロネスサッチャーの2011	ナイトバロン	Night Baron	英語	「夜＋男爵」の意。ナイター競馬での活躍を願って。母名より連想。
2011	91	1291	マチカネアズサユミの2011	シェキナー	Shekinah	英語	ユダヤ、キリスト教の天使ケルビエルが携えているという弓の名。 母名より連想。
2011	92	1292	アグアジベベールの2011	アグアジヴィーダ	Agua de Vida	ポルトガル語	「命の水」の意。本馬の息の長い活躍を願って。母名より連想。
2011	93	1293	ワイルドアフリカの2011	レプティスマグナ	Leptis Magna	英語	アフリカ・リビアの世界遺産の古代都市名。母名より連想。
2010	1	1101	クラシックローズの2010	アンブリッジローズ	Ambridge Rose	英語	イングリッシュローズの品種名。年間を通じて返り咲きし、また樹勢が強い。このバラのような活力漲る競走生活を送り、大きな活躍を遂げることを期待して。母名より連想。
2010	2	1102	フレンチバレリーナの2010	アンレール	En l'Air	仏語	バレエ用語で「空中で」の意。父のような空中での華麗な舞いを期待して。父の走法、母名より連想。
2010	3	1103	バランセラの2010	スペクトロライト	Spectrolite	英語	虹色の光を放つ天然石。長石類の一つ。虹の七色から父の七冠を連想。王者として君臨した父のように、本馬には女王として君臨し、輝かしい成績を収めて欲しいとの願いを込めて。
2010	4	1104	ショアーの2010	シュペトレーゼ	Spatlese	独語	ドイツの糖度の高い高級ワインの名称。ドイツ出身の母より連想。
2010	5	1105	キューの2010	ダブルウォー	Double War	英語	父の倍活躍できるようにとの願いを込めて。
2010	6	1106	ティエッチマンボの2010	エルマンボ	El Mambo	西語	「マンボ王」の異名を取るペレス・ブラードの代表曲名「Que Rico Eｌ Mambo」より。本馬の母系を代表する競走馬になって欲しいとの願いを込めて。母名、母父名より連想。
2010	7	1107	ライラックレーンの2010	ホアピリ	Hoapili	ハワイ語	ライラックの花言葉「友情」の意。父名、母名より連想。
2010	8	1108	ペニーホイッスルの2010	プーカ	Phooka	愛語	アイルランド地方の神話に登場する妖精名。母名より連想。
2010	9	1109	ファインセラの2010	ホワイトフリート	White Fleet	英語	世界一周航海を行った米海軍大西洋艦隊の名称。別名「白船」とも呼ばれる。日本にも来航し、多大な影響を与えた。本馬にも競馬界に多大な影響を与える存在になって欲しいと願って。
2010	10	1110	スプレッドウィングの2010	ウィングオブライト	Wing of Light	英語	「光の翼」の意。 母名より連想。
2010	11	1111	ベビーグランドの2010	バルカローレ	Barcarole	伊語	ピアノ曲「舟歌」より。クラシックの舞台で活躍することを願って。父名、母名より連想。
2010	12	1112	モンプティクールの2010	マプティット	Ma Petite	仏語	「私のかわいい子」の意。母名より連想。
2010	13	1113	グレイスルーマーの2010	グレイスヒーロー	Grace Hero	英語	母名の一部＋英雄。メジャーな父のように英雄になって欲しいとの願いを込めて。
2010	14	1114	スターミーの2010	フルグラン	Fulgurant	仏語	「一瞬の閃光」の意。直線で鋭い脚を使い、一瞬にして馬群を突き抜けるような競走馬になることを願って。
2010	15	1115	ヴィートマルシェの2010	サンブルエミューズ	Sambre et Meuse	仏語	フランスの代表的なマーチ「サンブルエミューズ連隊行進曲」より。母名、祖母名より連想。
2010	16	1116	ミスコンチェルトの2010	コンチェルティーノ	Concertino	伊語	合奏協奏曲においてアンサンブルから、より小さなまとまりに分かれた楽器群を指す。母名より連想。
2010	17	1117	スルーレートの2010	アンプリファイア	Amplifier	英語	「増幅回路」の意。本馬に関わる全ての人の想いを増幅、そして力に変えて走り、活躍を遂げてほしいと願って。母名より連想。
2010	18	1118	ハナランマンの2010	テンシンランマン	Tenshinramman	日本語	天真爛漫。飾ったり気取ったりせず、無邪気で微笑ましくなるようなさま。みんなに愛される競走馬になってくれることを願って。
2010	19	1119	ファーストチェアの2010	ハーモニーフェア	Harmony Fair	英語	調和+公平な。オーケストラの演奏を調和する意味で、主席奏者だった母名より連想。
2010	20	1120	プレラットの2010	バプテスマ	Baptisma	希語	「洗礼者」の意。母名（高位聖職者）より連想。
2010	21	1121	メジロルルドの2010	ルルドノヒトミ	Lourdes no Hitomi	日本語	ルルドの瞳。母の片方の瞳となり、母の分までターフを駆け回り、大きな活躍を遂げることを期待して。失明した母馬より連想。
2010	22	1122	イージーラヴァーの2010	モストヴェルデ	Mosto Verde	西語	ペルー原産の蒸留酒であるピスコの一種。ラテンの情熱的なスピリッツのような熱い走りを見せて欲しいとの願いを込めて。父名および母が競走生活を送った南米より連想。
2010	23	1123	ドゥルセデレーチェの2010	メイラード	Maillard	英語	ドゥルセデレーチェ（糖菓）の製造過程で起こる糖分の褐色化反応。 この反応の詳細な研究を行ったフランスの科学者メヤール（メイラードはメヤールの英語読み）から。 母名より連想。
2010	24	1124	アビラの2010	ジェベルムーサ	Jebel Musa	英語	ジブラルタルロックの反対の岬にある山名。ザロックと並び称されるような名馬になって欲しいとの願いを込めて。母名より連想。
2010	25	1125	シンプルザベストの2010	ベストリッジライン	Best Ridgeline	英語	「最高」＋「山の峰と峰を結んで続く線」の意。見る者を魅了するその蒼きラインのように人々の心に刻み込まれるような競走馬になることを願って。母名の一部＋父名より連想。
2010	26	1126	カツラドライバーの2010	ハッピードライブ	Happy Drive	英語	みんなを幸せなドライブに連れて行って欲しいとの願いを込めて。母名より連想。
2010	27	1127	ベルグチケットの2010	ラッキーチケット	Lucky Ticket	英語	「幸運のチケット」を手に、クラシックロードを 突っ走ってもらいたいとの願いを込めて。母名より連想。
2010	28	1128	ジェリクルの2010	ペドレリーア	Pedreria	西語	「宝石」の意。宝石のような輝きある功績を残して欲しいとの願いを込めて。
2010	29	1129	アイルドフランスの2010	アステリックス	Asterix	仏語	フランス初の人工衛星。母名より連想。
2010	30	1130	ミラクルレイザーの2010	ミラクルルージュ	Miracle Rouge	英語	カーネーションの品種名。息長く、そして健やかな競走生活を送れるようにと願って。母名より連想。
2010	31	1131	キトゥントリックスの2010	ミストフェリーズ	Mistoffelees	英語	ミュージカル”キャッツ”より。魔術師の猫の名前。母名より連想。
2010	32	1132	ハリウッドレビューの2010	ハリウッドミューズ	Hollywood Muse	英語	母名の一部＋「音楽・舞踏を司る女神（ギリシャ神話）」。音楽やダンスがハリウッド映画を盛り上げるように、本馬の走りが人の心を盛り上げてくれることを願って。父名、母名より連想。
2010	33	1133	スウィートマフィンの2010	クイックブレッド	Quick Bread	英語	イースト菌を使わないBread 類の総称。母名、祖母名より連想。
2010	34	1134	マチカネエンジイロの2010	ゴットフリート	Gottfried	独語	オペラ「ローエングリン」に登場するブラバンド公国の世継ぎである人物名。父名より連想。
2010	35	1135	ジンジャーパンチの2010	ジンジャーミスト	Ginger Mist	英語	ジンジャーエールを使ったカクテル。ジャズの名曲「ミスティ」を題材に世界中でこのカクテルが作られた。 母の血を受け継いだ本馬の世界的な活躍を願って。母名より連想。
2010	36	1136	ダンスザクラシックスの2010	カドリーユ	Quadrille	仏語	18～19世紀にフランスを中心に流行した舞曲。 母名より連想。
2010	37	1137	ルシルクの2010	クロムレック	Cromlech	英語	多数の立石を丸く並べた祭祀用の碑で、ストーンサークル（環状列石）の一種。神がかり的なパワーを発揮するような馬へと成長して欲しいという願いを込めて。母名と同語源（circle）からの連想。
2010	38	1138	フォルテピアノの2010	バルトロメオ	Bartolomeo	伊語	ピアノの発明者バルトロメオ・クリストフォリから。母名より連想。
2010	39	1139	ガヴィオラの2010	コメットシーカー	Comet Seeker	英語	新彗星の発見を目的として造られた望遠鏡。父名より連想。
2010	40	1140	シーズライクリオの2010	リオグランデ	Rio Grande	ポルトガル語	「大きな川」の意。ゆったりと流れる大河のように、雄大でスケールの大きい馬に成長してほしいとの願いを込めて。母名の一部を引用。
2010	41	1141	ポトリザリスの2010	バリローチェ	Bariloche	西語	アルゼンチン中西部 リオ・ネグロ州南西部の都市名。 母の生産国より連想。
2010	42	1142	オールザウェイベイビーの2010	ディアマイベイビー	Dear My Baby	英語	親愛なる私の赤ん坊。母名より連想。
2010	43	1143	スターパレードの2010	トランザムスター	Trans Am Star	英語	アメリカ大陸横断＋母名の一部。 アルゼンチンからアメリカに渡り、重賞を勝った母親より連想。
2010	44	1144	ディアデラノビアの2010	ディアデラマドレ	Dia de la Madre	西語	スペイン語圏での祝日「母の日」の意。本馬の祖母の出身国であるアルゼンチンでは10月の第3日曜日が該当する。母名より連想。
2010	45	1145	トゥザヴィクトリーの2010	トゥザレジェンド	To the Legend	英語	「伝説に向かって」の意。伝説の競走馬になって欲しいとの願いを込めて。母名より連想。
2010	46	1146	ルミナスポイントの2010	ルミナスウイング	Luminous Wing	英語	「光の翼」の意。 母名より連想。
2010	47	1147	ビスクドールの2010	ミニョネット	Mignonnette	仏語	小さいサイズのビスクドールの総称で、「小さくてかわいらしい」の意。母名より連想。
2010	48	1148	ブロードアピールの2010	ブロードソード	Broad Sword	英語	17世紀頃に誕生し、軍事用に使われた両刃の片手剣。 転じて馬群を叩き斬るような走りをイメージして。母名より連想。
2010	49	1149	グッドゲームの2010	エキサイトゲーム	Excite Game	英語	競馬ファンが興奮するような素晴らしい走りを見せて欲しいという願いを込めて。 母名より連想。
2010	50	1150	ダークサファイアの2010	ローガンサファイア	Logan Sapphire	英語	世界でもっとも有名で美しいとされるサファイア。 母名より連想。
2010	51	1151	エンシェントヒルの2010	オルヴィエート	Orvieto	伊語	イタリアにある、丘の上に造られた都市名。古代より栄え、「世界一美しい丘上都市」と呼ばれる。母名より連想。
2010	52	1152	ブルーメンブラットの2010	オレアリア	Olearia	英語	キク科の花名で、本馬が生まれた２月７日の誕生花。母名より連想。
2010	53	1153	シーザリオの2010	エピファネイア	Epiphaneia	希語	クリスマスから12日目（十二夜）にあたる１月６日「公現祭」の日。「現れ」の意。偉大なる母の仔として大きな存在になれるよう期待して。母名より連想。
2010	54	1154	ドルチェリモーネの2010	リモンチェッロ	Limoncello	伊語	イタリアを起源とするレモンの果皮を使用したリキュール。母名より連想。
2010	55	1155	モンローブロンドの2010	カーヴィシャス	Curvaceous	英語	「曲線美」の意。母名より連想。
2010	56	1156	フサイチパンドラの2010	ピュクシス	Pyxis	英語	パンドラの箱という言葉の元となった古代ギリシャ・ローマ期に用いられた陶器の化粧道具入れ。 この箱に多くの輝かしい戦績を詰め込んで欲しいとの願いを込めて。母親より連想。
2010	57	1157	ピノシェットの2010	ラムレット	Rumlet	英語	ギムレットの材料であるジンの代わりにラムを用いたカクテル名。 父名より連想。
2010	58	1158	プンティラの2010	ポラールリヒト	Polarlicht	独語	「オーロラ」「極光」の意。父名より連想。ドイツ血統から母の頭文字の「P」を踏襲。
2010	59	1159	プリンセスミラクルの2010	アティトラン	Atitlan	西語	中米グアテマラのソロラ県にある湖名。中米で一番深い湖であり、世界一美しい湖の1つとされる。父名より連想。
2010	60	1160	エンプレスティアラの2010	サークレット	Circlet	英語	冠の一種。英国君主の戴冠式用としても使用される。母名より連想。
2010	61	1161	ヴィアンローズの2010	ローズミラクル	Rose Miracle	英語	「バラの奇跡」の意。バラのように華麗な走りでキセキを起こすように願って。父名、母名より連想。
2010	62	1162	アウトオブタイムの2010	シャイニングタイム	Shining Time	英語	「閃きの時」の意。光の速さのように他を圧倒するような走りを期待して。母名の一部を引用。
2010	63	1163	リッチダンサーの2010	フロアクラフト	Floor Craft	英語	ダンス用語。フロアを上手く使い、他のカップルとの接触を避けるテクニックを指す。馬群をスムーズに抜け出してこられるように。母名より連想。
2010	64	1164	ラフィントレイルの2010	ジャイアントリープ	Giant Leap	英語	「偉大なる飛躍」の意。人類初の月面着陸を果たしたアームストロング船長の名言より引用。
2010	65	1165	スムーズセイリングの2010	シップスログ	Ship's Log	英語	「航海日誌」の意。本馬の活躍の軌跡を綴れることを願って。母名より連想。
2010	66	1166	ヒカルアモーレの2010	グランデアモーレ	Grande Amore	西語	「大きな愛」の意。華麗に咲き誇るバラの一品種の名でもある。母名より連想。
2010	67	1167	ムーンライトダンスの2010	ルナリア	Lunaria	伊語	月長石。ムーンストーンとも呼ばれる。 輝かしい競走馬生活を願って。 母名より連想。
2010	68	1168	アドマイヤメガミの2010	ディオネー	Dione	希語	ギリシア神話に登場する天空の女神名。母名より連想。
2010	69	1169	アドマイヤサンデーの2010	エルミラドール	El Mirador	西語	グアテマラのジャングルの中にあるマヤ文明の巨大遺跡。見晴らし台の意もある。繁栄を遂げ、見晴らしの良い高台から眼下を一望できるような競走馬になることを願って。
2010	70	1170	グレイトフィーヴァーの2010	ラブラバード	La Bravade	仏語	フランス・サンペトロで開催される由緒ある伝統祭の名。母の出身国より連想。
2010	71	1171	フィックルフレンズの2010	フロイント	Freund	独語	「友達」の意。母名より連想。
2010	72	1172	クリソプレーズの2010	クリソライト	Chrysolite	英語	宝石の一種であるペリドットの別名。母名より連想。
2010	73	1173	シンコウエンジェルの2010	ルベーゼドランジェ	Le baiser de l'ange	仏語	「天使の口づけ」の意。母・祖母の名前より連想。
2010	74	1174	マリスターⅡの2010	アケルナル	Achernar	アラビア語	恒星の名前。南半球では、青白い輝きが目立ち、シドニーでは年中沈まない周極星になる。この星のように、輝ける馬になって欲しいとの願いを込めて。母名より連想。
2010	75	1175	インディスユニゾンの2010	オクターブユニゾン	Octave Unison	英語	音楽用語。元々の音階とオクターブを上げた（または下げた）音階を同時に演奏すること。母名の一部を引用。
2010	76	1176	ブルーラスターの2010	ラムーレブルー	L´Amour Est Bleu	仏語	恋は水色（往年のヒット曲名）の原題。 母名より連想。
2010	77	1177	レースの2010	プントインアリア	Punto in Aria	伊語	糸だけでステッチして作成するニードルレース。 母名より連想。
2010	78	1178	スターアイルの2010	ヨゾラニネガイヲ	Yozorani Negaio	日本語	夜空に願いを。「幸せな馬生を送れますように」との願いをこめて。父名、母名より連想。
2010	79	1179	マチカネモユルの2010	モユルオモイ	Moyuru Omoi	日本語	燃ゆる（萌ゆる）想い。 情熱を胸に、成長していって欲しいという願いを込めて。 母名より連想。
2010	80	1180	ドリーボンズレガシーの2010	トリプレッタ	Tripletta	伊語	「ハットトリック」の意。偉大な父名より連想。
2010	81	1181	ハンドレッドスコアの2010	パーフェクトスコア	Perfect Score	英語	「満点」の意。母名より連想。
2010	82	1182	ジェイズジュエリーの2010	センティナリー	Centenary	英語	最高品質の一つとも言われる、センティナリー・ダイヤモンドより。母名より連想。
2010	83	1183	ササファイヤーの2010	マズルファイヤー	Muzzle Fire	英語	「銃口から吹く火」の意。銃砲のように速くゴール板を駆け抜けて欲しいとの願いを込めて。母名と父名より連想。
2010	84	1184	ヴァレラの2010	ヴァーティカルサン	Vertical Sun	英語	「天頂の太陽」の意。世界の頂点で、最も眩い存在になることを願って。 ドイツ血統から母の頭文字の「V」を踏襲。
2010	85	1185	マチカネササメユキの2010	スノーストーム	Snowstorm	英語	「吹雪」の意｡どんな天候条件であっても勝利をもたらしてくれる事を願って。母名より連想。
2010	86	1186	ポイントアシュリーの2010	ポイントブランク	Pointblank	英語	「（射撃など）直射の」の意。ほとんど直線をなす弾道で発射し、大舞台で的を射ぬけるように願って。母名より連想。
2010	87	1187	タドウィガの2010	ストライクルート	Strike Root	英語	「根づく」の意。本馬の活躍によって、父と母の血統が日本に根づくようにとの願いを込めて。
2010	88	1188	クリスタルコーストの2010	アウターバンクス	Outer Banks	英語	ノースカロライナ州の東端に並ぶ半島及び砂州の連なり。 母名より連想。
2010	89	1189	キャンディーストアの2010	キャンディジュエル	Candy Jewel	英語	母名＋宝石。光り輝くような活躍を期待して。
2010	90	1190	エンジェルローブの2010	フェアリーローブ	Fairy Robe	英語	「妖精の羽衣」の意。母名、母母名より連想。
2010	91	1191	マチカネヤマザクラの2010	カイカヨソウ	Kaikayoso	日本語	開花予想。レースで才能を開花して欲しいとの願いを込めて。母名より連想。
2010	92	1192	アンフィニッシュドドリームの2010	ロケットダッシュ	Rocket Dash	英語	ロケット＋ダッシュ。ロケットのような走りを期待して。本馬のフロリダトレーニングセール時のスピード感・力感溢れる走りより連想。
2009	1	1001	キューの2009	エネアド	Ennead	希語	エジプト九柱の神々。ギリシャ語で「9」を意味するエネアより。 母名の響き及び生まれ年より連想。
2009	2	1002	グレイトフィーヴァーの2009	アーデント	Ardent	英語	「熱烈な・激烈な・熱狂的な」の意。熱烈に愛される競走馬になって欲しい、という願いを込めて。母名より連想。
2009	3	1003	データの2009	アーカイブ	Archive	英語	「書庫」の意。記録を保管する場所。母名より連想。
2009	4	1004	ドゥルセデレーチェの2009	レチャーダ	Lecheda	西語	牛乳と砂糖を温めたもの。糖菓子ドゥルセデレーチェの元と言われている。母名より連想。
2009	5	1005	ヴィアンローズの2009	ローズノーブル	Rose Noble	英語	15世紀半ばにイングランドで発行された特別な金貨。従来の金貨より質を高めたもので薔薇の花模様が刻印されている。
2009	6	1006	シーズアンの2009	エポキシ	Epoxi	英語	彗星探査機「ディープ・インパクト」の新しい名称。偉大な父の後を引き継いで新たな使命を果たす活躍を願って。
2009	7	1007	ヨーレンの2009	シアンナ	Sianna	英語	ジェイン・ヨーレンの代表作「三つの魔法」の主人公名より。母名より連想。
2009	8	1008	ソニックグルーヴの2009	ルミナスグルーヴ	Luminous Groove	英語	「光輝く」＋母名の一部。光輝く競走生活を送ることを願って。父名・母名から連想。
2009	9	1009	マイティーダンサーの2009	マスカレイド	Masquerade	英語	「仮面舞踏会」の意。上流階級で催されていた仮面舞踏会のように、オープンクラスでの派手な走りを見せてくれることを願って。母名より連想。
2009	10	1010	プリンセスカメリアの2009	アルフレード	Alfredo	伊語	オペラ「椿姫」の登場人物名。主人公の恋人の青年貴族の名。母名より連想。
2009	11	1011	チャイナドールの2009	チャイナキッス	China Kiss	英語	ライチリキュールを使ったカクテルの名前。このカクテルで勝利の美酒に酔えることを願って。母名より連想。
2009	12	1012	ペニーホイッスルの2009	リードホイッスル	Lead Whistle	英語	先頭＋笛。世代の先頭に立ち時代をリードする活躍を願って。母名より連想。
2009	13	1013	ファインセラの2009	アロヒラニ	Alohilani	ハワイ語	「輝くまばゆい空」の意。晴れ渡る大空のように人々に感動を与えられる存在になることを願って。父名・母名より連想。
2009	14	1014	アイディアルカットの2009	ファセットカット	Facet Cut	英語	宝石の加工方法のひとつ。光を屈折させ、内部から輝いているように見せるカット方法。 輝かしい成績を残せるようにと願って。母名より連想。
2009	15	1015	ミスティーミスの2009	クラウドチェンバー	Cloud Chamber	英語	宇宙から降り注ぐ放射線等の飛跡を観測する装置。和名は「霧箱」。父名・母名より連想。
2009	16	1016	スルーレートの2009	トゥルーマートル	True Myrtle	英語	「銀梅花」の意。本馬の誕生花。祝いの木とも呼ばれ、縁起の良いものとして結婚式のリースにも用いられている。
2009	17	1017	ゲルニカの2009	レジスタンスオーク	Resistance Oak	英語	「抵抗の樫の木」の意。逆境に負けず、それをはねのける強さを持ってほしいと願って。ゲルニカの空爆に耐えた自由の象徴である樫の木より連想。
2009	18	1018	カツラドライバーの2009	エースドライバー	Ace Driver	英語	「一流のドライバー」の意。母名より連想。
2009	19	1019	タイムフェアレディの2009	ピグマリオン	Pygmalion	英語	「マイ・フェア・レディ」の原作となった戯曲。期待されることにより成果が上がることを示す「ピグマリオン効果」の語源でもある。 母名より連想。
2009	20	1020	クルナコーヴァの2009	ブルーナボーニャ	Bru na Boinne	愛語	世界遺産のあるアイルランドの地域名。アイルランド最大の遺跡で太陽信仰の聖地。母の出身国より連想。
2009	21	1021	メアリーポートの2009	カーライル	Carlisle	英語	イギリス・カンブリア州の都市名。カンブリア海岸鉄道の始発駅があり、母名、祖母名も同じ鉄道沿線の都市名。牝系が繋がる事を願って。
2009	22	1022	プレインの2009	ヴィンドランダ	Vindolanda	英語	スコットランドにある古代ローマの要塞。父名より連想。
2009	23	1023	アズサユミの2009	ガーンディーヴァ	Gandiva	印語	インドの叙事詩「マハーバーラタ」に登場する神の弓。シヴァ神が勇者アルジュナに授けた伝説の強弓。母名より連想。
2009	24	1024	クリスタルコーストの2009	バーバリーコースト	Barbary Coast	英語	スコッチベースのカクテル名。北アフリカの、モロッコからリビアの海岸部が名称の由来。父名・母名より連想。
2009	25	1025	ミラクルレイザーの2009	プローディギウム	Prodigium	ラテン語	「奇跡」の意。母名より連想。
2009	26	1026	スターミーの2009	スターノエル	Star Noel	英語+仏語	星＋クリスマス。クリスマスツリーに輝く星のように輝かしい活躍を期待して。母名より連想。
2009	27	1027	ビワプランサーの2009	アリエスプランサー	Aries Prancer	英語	牡羊座生まれ＋母名の一部。牡羊座（Aries）生まれの威勢が良い馬をイメージして。
2009	28	1028	スペシャルアラートの2009	カフヴァール	Cathbharr	英語	ケルト神話に登場する兜。太陽のように眩しく光り輝くといわれている。父名より連想。
2009	29	1029	ユーワジョイナーの2009	リンノヴァーレ	Rinnovare	伊語	「更新する」の意。 父母の記録を更新して欲しいとの思いから。母名より連想
2009	30	1030	マチカネヒザクラの2009	ラスリーズ	La Cerise	仏語	「さくらんぼ」の意。本馬の品がありつつ可愛らしく優しいイメージより。母名より連想。
2009	31	1031	レッドベリルの2009	ゴシェナイト	Goshenite	英語	純度が高く無色・透明の緑柱石。 別名ホワイトベリル。目的達成や物事の向上、発展に貢献する働きがある。 母名より連想。
2009	32	1032	コックニーの2009	セプタードアイル	Scepter'd Isle	英語	イングリッシュローズの品種名。繰り返し絶え間なく咲くこの花のような活躍を願って。父名・母名より連想。
2009	33	1033	ホワッツニューの2009	サードシアター	Third Theater	英語	ロイヤルオペラハウスが、２度の火災から復興した時の名前。サドラーズウェルズバレエ団を迎えて再開された時期。父名、祖父名より連想。
2009	34	1034	ベビーグランドの2009	ヴィルトゥオーサ	Virtuosa	伊語	「超一流の女性演奏家」の意。クラシック音楽で、完成の域に達した卓越した演奏能力の持ち主に対する称賛の言葉。母名より連想。
2009	35	1035	ラヴァーズナットの2009	ワイルドアプローズ	Wild Applause	英語	「大喝采、大歓声」の意。大歓声を受けて勝利し、大喝采を浴びる競走馬になることを願って。父名より連想。
2009	36	1036	サザンフェアリーの2009	フェアリーライン	Fairy Line	英語	母名の一部+「家系」の意。
2009	37	1037	フェートデュヴァンの2009	セプドール	Cep d'Or	仏語	「黄金の葡萄の木」の意。フランスのワインで１産地に１つだけ与えられる栄誉でもある。母名より連想。
2009	38	1038	デルフィーネの2009	ドルフィンハート	Dolphin Heart	英語	｢イルカの心｣の意。父名・母名より連想。
2009	39	1039	マジックガーデンの2009	サラガドゥーラ	Salagadoola	英語	魔法の呪文の冒頭の言葉。魔法にかかったような素晴らしい走りを期待して。母名より連想。
2009	40	1040	リッチダンサーの2009	ホーカーテンペスト	Hawker Tempest	英語	英国空軍の戦闘機名。第二次世界大戦中の英国空軍における最高速機のひとつ。
2009	41	1041	クリームオンリーの2009	クリティカルヒット	Critical Hit	英語	「会心の一撃」の意。レースでも他馬を圧倒する素晴らしい決め脚を見せて欲しいという願いを込めて。父名より連想。
2009	42	1042	クリソプレーズの2009	フォルトファーレン	Fortfahren	独語	「継続する」の意。コンスタントに活躍し続ける競走馬になることを願って。
2009	43	1043	シンハリーズの2009	アダムスピーク	Adam's Peak	英語	スリランカの聖地名。宗派を超えて人々に信仰されているスリランカ随一の聖山。周囲から敬慕される競走馬になることを願って。母名より連想。
2009	44	1044	ケイティーズギフトの2009	シャムローグ	Seamrog	愛語	「三つ葉」の意。アイルランドの国花。身を守るお守りとして伝えられる。曽祖母の出身地より連想。
2009	45	1045	ゴレラの2009	フラゴリーネ	Fragoline	伊語	「小さな苺」の意。甘い実をつける苺のようにファンに愛されることを願って。母馬より連想。
2009	46	1046	フィックルフレンズの2009	フィックルスター	Fickle Star	英語	「気まぐれなスター」の意。母名より連想。
2009	47	1047	ジェイズジュエリーの2009	ジェラルド	Gerald	英語	米国物理学者「ジェラルド・ファインバーグ」より。超光速微粒子をタキオンと名付けたアメリカ合衆国の物理学者。父名より連想。
2009	48	1048	ガヴィオラの2009	メテオライト	Meteorite	英語	「隕石」の意。母名より連想。
2009	49	1049	アドマイヤマカディの2009	サファーガ	Safaga	英語	エジプトのリゾート地名。マカディ・ベイと並ぶ紅海沿岸のリゾート地。 母名より連想。
2009	50	1050	タイキポーラの2009	アルフィルク	Alfirk	アラビア語	ケフェウス座のβ星。未来の北極星になる星の名。世代の中心となるような活躍を期待して。母名・兄姉名より連想。
2009	51	1051	ピンクパピヨンの2009	プレレフア	Pulelehua	ハワイ語	「チョウ」の意。母名より連想。
2009	52	1052	ディアデラノビアの2009	ディアデラバンデラ	Dia de la Bandera	西語	アルゼンチンの祝日「国旗の日」より。6月第3月曜日が独立を勝ち取った象徴でもある「国旗の日」として制定されている。母名より連想。
2009	53	1053	マチカネハナサソウの2009	アプリコーゼ	Aprikose	独語	「杏」の意。花言葉の一つに誘惑の意味を持つ。母名より連想。
2009	54	1054	アドマイヤセラヴィの2009	プレザントライフ	Pleasant Life	英語	「楽しい人生」の意。楽しい競走馬人生を送って欲しいという願いを込めて。母名より連想。
2009	55	1055	トゥザヴィクトリーの2009	トゥザハピネス	To the Happiness	英語	母名の一部＋「幸せ」の意。その走りによって皆が幸福になるようにとの願いを込めて。母名より連想。
2009	56	1056	ドルチェリモーネの2009	ガレットデロワ	Galette des Rois	仏語	「王様のお菓子」の意。父名・母名より連想。
2009	57	1057	フォルクローレの2009	ロンダドール	Rondador	西語	フォルクローレを演奏する際に用いられる楽器の一つ。勝利の旋律を奏でられるよう願って。母名より連想。
2009	58	1058	ヴォークリンデの2009	グラーネ	Grane	独語	ワーグナーの『ニーベルングの指環』に登場するブリュンヒルデの愛馬の名前。母名より連想。
2009	59	1059	カートゥーンの2009	ランプーン	Lampoon	英語	「風刺文」の意。母名より連想。
2009	60	1060	ショウナンアクシアの2009	イーリス	Iris	希語	ギリシャ神話に登場する「虹の女神」。 天界屈指の俊足と謳われた女神にあやかって。
2009	61	1061	ビワアラビアンの2009	アラビアンパール	Arabian Pearl	英語	「アラビアの真珠」の意。競走馬として輝くように。母名より連想。
2009	62	1062	オーベルゲイドの2009	オードゥルルド	Eau de Lourdes	仏語	「ルルドの水」の意。 フランス南西部のルルドという町にある「奇跡の泉」の聖水。古くから多くの人の信仰を集めている。父名・母名より連想。
2009	63	1063	クルソラの2009	クローチェ	Croce	伊語	「十字架」の意。本馬の流星から連想。
2009	64	1064	カメリアローズの2009	ダローネガ	Dahlonega	英語	椿の品種名。八重又は千重咲きで大輪の花を咲かせる。母名より連想。
2009	65	1065	ピューリティーの2009	プリュム	Plume	仏語	「羽根」の意。羽根のように軽やかに美しく走り抜けてほしいという願いを込めて。
2009	66	1066	トキオタヒーチの2009	マルケサス	Marquesas	英語	タヒチにあるマルケサス諸島より。 母名より連想。
2009	67	1067	シュガークラフトの2009	フルールドシュクル	Fleur du Sucre	仏語	「砂糖で作った花」の意。母名より連想。
2009	68	1068	ケイティーズファーストの2009	ケイティーズハート	Katies Heart	英語	「ケイティーズ一族の心」の意。牝系から受け継いだ偉大な心を持って一族の中心的存在になってほしいとの思いを込めて。父名・母名より連想。
2009	69	1069	フィルドールの2009	プラチナスレッド	Platina Thread	英語	「プラチナ糸」の意。最高級の糸。最高の舞台で最高の走りを見せてほしいという願いを込めて。母名より連想。
2009	70	1070	アドマイヤサンデーの2009	エンジェルフォール	Angel Falls	英語	南米ベネズエラのジャングルにそびえる、世界最大落差(979m)の滝の名。世界級の名牝になるように願って。父名より連想。
2009	71	1071	ノブレスオブリッジの2009	アリストクラシー	Aristocracy	英語	「貴族制、貴族政治」の意。特権階級となり最上位の活躍をしてほしいという願いを込めて。母名からの連想。
2009	72	1072	ピノシェットの2009	ネクタル	Nektar	希語	ギリシャ神話において飲むと不老不死になると言われる黄金色の神酒。 健康で長期に渡り活躍する名馬になる事を願って。父名・母名より連想。
2009	73	1073	ミスエアクラフトの2009	ゴールデンレシオ	Golden Ratio	英語	「黄金比」の意。父名より連想。
2009	74	1074	ファストフレンドの2009	ファストメモリー	Fast Memory	英語	母名の一部＋「記憶」の意。母のように、いつまでもファンの記憶に残るような馬になって欲しいとの願いを込めて。
2009	75	1075	マチカネエンジイロの2009	マデイラ	Madeira	葡語	ワインで有名なポルトガルのマデイラ島より。父名・母名より連想。
2009	76	1076	ビスクドールの2009	アリスマイン	Alice Mine	英語	リキュールベースのカクテル名。父名より連想。
2009	77	1077	ローザネイの2009	エンブレムローザ	Emblem Rosa	英語+伊語	「バラの紋章」の意。父名・母名より連想。
2009	78	1078	ソルティレージュの2009	マジッククレスト	Magic Crest	英語	「魔法の紋章」の意。父名・母名より連想。
2009	79	1079	グッドゲームの2009	ワンサイドゲーム	One Side Game	スポーツ用語	一方が終始他方を圧倒して勝つ試合のこと。 他馬を圧倒する強さを見せてほしいという願いを込めて。母名より連想。
2009	80	1080	マチカネホレルナヨの2009	オレニホレルナヨ	Oreni Horerunayo	日本語	「俺に惚れるなよ」とウィナーズサークルで誇らしげにしているシーンをイメージして。母名より連想。
2009	81	1081	ムガメールの2009	フランベルジェ	Flamberge	仏語より発生	火炎の形をモチーフにした剣。  聖剣デュランダルの使い手ローランと共にパラディンとして、シャルルマーニュに仕えたとされる、騎士ルノー・ド・モントーバンの愛剣。  父名より連想。
2009	82	1082	アーネストデザイアの2009	ヴォーデジール	Vaudesir	仏語	フランス・ブルゴーニュ産ワインの特級畑の一つ。 父名・母名より連想。
2009	83	1083	ロココスタイルの2009	シュタインガーデン	Steingaden	独語	ドイツの都市名。ロココ装飾の最高傑作で世界遺産に登録されているヴィース巡礼教会の所在地。母名より連想。
2009	84	1084	ピンクキャンドルの2009	キャンドルナイト	Candle Night	英語	照明を消し、キャンドル（ろうそく）を灯して過ごすこと。照明を消し、ゆるやかに過ごす時間や人とのつながりを大切にする運動のこと。母名より連想。
2009	85	1085	フェリークの2009	ハルシュタット	Hallstatt	独語	オーストリアの都市名。文化的景観として世界遺産に登録されている。
2009	86	1086	フォーシンズの2009	フェリスタス	Felistas	ラテン語	「幸福」の意。見つけると幸福が訪れるという四つ葉のクローバーより。より良い競走生活を送ってほしいとの願いを込めて。母名より連想。
2009	87	1087	ヴァレラの2009	ヴァリディオル	Validior	ラテン語	「より強い、よりたくましい、より健康な」の意。母名の響きより連想。
2009	88	1088	メガクライトの2009	ガニュメデス	Ganymedes	希語	ギリシャ神話に出てくる美少年の名。ガリレオにより発見された木星の第３衛星名の由来となった。母名より連想。
2009	89	1089	ノーザンプリンセスの2009	テイクザクラウン	Take the Crown	英語	「王位につく」の意。競馬界の王位につくようにとの願いを込めて。母名より連想。
2009	90	1090	インディゴワルツの2009	ラヴァルス	La Valse	仏語	「ワルツ」の意。三拍子そろった活躍を期待して。母名より連想。
2009	91	1091	キッズエンジェルの2009	ロマンヒコウ	Roman Hiko	日本語	浪漫飛行。牝系より連想。
2009	92	1092	マチカネベニツバキの2009	ブライダルコーラス	Bridal Chorus	英語	ワーグナーのオペラ『ローエングリン』で歌われる『婚礼の合唱』より。歌劇『ローエングリン』第3幕への前奏曲。父名より連想。
2009	93	1093	ファビラスキャットの2009	リバイヴエンブレム	Revive Emblem	英語	「復興の象徴」の意。本馬の活躍と「東北地方太平洋沖地震」、「ニュージーランド地震」からの復興を祈念して。
2009	94	1094	ハイオナーの2009	ユールフェスト	Yulefest	英語	クリスマスが夏になる南半球で、6月～8月の冬にクリスマスムードを楽しむお祭り。生産国より連想。
2008	1	901	マイベストスターの2008	ファステストスター	Fastest Star	英語	「最速の星」の意。その名のとおり、他を圧倒するスピードでスターホースになってほしいとの期待を込めて。母名より連想。
2008	2	902	クラッシーシャーロットの2008	クラッシーゲイト	Classy Gait	英語	「洗練された足並み」の意。文字どおりの走りで活躍してほしいとの期待を込めて。母名より連想。
2008	3	903	オーベルゲイドの2008	オーヴェルニュ	Auvergne	仏語	フランス中南部の地域名。山脈や大草原など豊かで雄大な自然が広がる。スケールの大きな活躍をしてほしいとの期待を込めて。
2008	5	905	レディブロンドの2008	アフロディーテ	Aphrodite	英語	ギリシャ神話のおける美を司る女神。人々を魅了する美しい走りを見せてほしいとの願いを込めて.母名および本馬の毛色より連想。
2008	6	906	ビワアラビアンの2008	アルフライラ	Alf Laylah	アラビア語	物語「アラビアンナイト」の原題「アルフ・ライラ・ワ・ライラ」より。母名より連想。
2008	7	907	サンストーンの2008	ストーンヘンジ	Stonehenge	英語	イギリス南部にある遺跡。母名より連想。
2008	8	908	ドゥルセデレーチェの2008	アルファホール	Alfajor	西語	クッキーにドゥルセデレーチェをはさんだお菓子。母名より連想。
2008	9	909	トキオリアリティーの2008	リアルインパクト	Real Impact	英語	「本物の衝撃」の意。 父を超えるような衝撃を与える競走馬になってくれることを願って。両親名より連想。
2008	10	910	ファインセラの2008	ラロメリア	La Romeria	西語	作家カミーロ・ホセ・セラの作品｢お祭り｣の原題。母名より連想。
2008	11	911	モアムーンライトの2008	マヒナ	Mahina	ハワイ語	「月」の意。月のように光り輝けることを願って。両親名より連想。
2008	12	912	コーレイの2008	アパレシーダ	Aparecida	葡語	ブラジルで崇拝されている聖母。母の生産国より連想。
2008	13	913	キャリアコレクションの2008	キャリアメイク	Career Make	英語	「経験から得るもの」の意。経験を活かして一歩一歩成長していくことを願って。母名より連想。
2008	14	914	タイキジュリエットの2008	カインバティック	Kain Batik	ジャワ語	「ジャワ更紗」の意。インドネシアの男子正装用衣装でクリスと共に身に着ける。父名および父父名より連想。
2008	15	915	ビューティフルジェムの2008	バリサイト	Variscite	英語	持つ人に幸福と富をもたらすと言われる石。母名より連想。
2008	16	916	アモリストの2008	シュテンダル	Stendal	独語	恋愛小説「赤と黒」の作者であるフランス人作家スタンダールのペンネームの由来となったドイツ北東部の都市名。母名（＝恋愛小説作家）より連想。
2008	17	917	ビワプランサーの2008	ロシュローブ	Roche Lobe	英語	軌道上の物質が重力によって結びつけられる恒星の回りの宇宙の領域。父名より連想。
2008	18	918	ブリアンダの2008	タンブリアン	Temps Brillant	仏語	「輝かしい時間」の意。競走馬として輝かしい時間を過ごしてほしいとの願いを込めて。時間に関する父名と母名の響きより連想。
2008	19	919	マイバレンタインの2008	ガナッシュ	Ganache	仏語	チョコレートを生クリームで溶かしたもの。母名より連想。
2008	20	920	トウカイステラの2008	フレアスター	Flare Star	英語	「閃光星」の意。母名および母が優勝した競走名より連想。
2008	21	921	マジックガーデンの2008	ジャルディニエーレ	Giardiniere	伊語	「庭師」の意。母名より連想。
2008	22	922	ヴィートマルシェの2008	グランマルシェ	Grand Marcher	仏語	「大行進」の意。母名より連想。
2008	23	923	サワズソングの2008	トルバドゥール	Troubadour	英語	中世ヨーロッパで活躍したオック語抒情詩の詩人、作曲家、歌手のこと。吟遊詩人たちの詩歌のように、広く語り継がれるような走りを見せてほしいとの期待を込めて。母名より連想。
2008	24	924	ファストフレンドの2008	ファストカラー	Fast Color	英語	「あせない色」の意。牡馬相手に輝かしい実績を残した母のように、いつまでも色あせない競走成績を残せるようになってほしいとの願いを込めて。母名より連想。
2008	25	925	ガバーナの2008	ガヴァネス	Governess	英語	｢女性知事」「女性家庭教師」の意。母名の響きより連想。
2008	26	926	ミスティーミスの2008	ヒールゼアハーツ	Heal Their Hearts	英語	「心を癒して」の意。「The Hearts Cry」が演じられる舞台作品「リバーダンス」の演目名。父に続く活躍を期待して。父名より連想。
2008	27	927	カタリストの2008	ケミカルチェンジ	Chemical Change	英語	「化学変化」の意。名が触媒を意味する母を通して、名馬である父と母の父の血を爆発させてほしいとの願いを込めて。母名より連想。
2008	28	928	ラヴァーズナットの2008	ラヴァーズキッス	Lover's Kiss	英語	「恋人の口づけ」の意。また、カクテル名。両親名より連想。
2008	29	929	ミラクルレイザーの2008	ミラクルカクテル	Miracle Cocktail	英語	「奇跡のカクテル」の意。両親名より連想。
2008	30	930	ルカダンスの2008	ハイランドダンス	Highland Dance	英語	スコットランドの伝統舞踊。観衆を魅了するような走りを見せてほしいとの願いを込めて。両親名より連想。
2008	31	931	フレンチバレリーナの2008	アソルータ	Assoluta	伊語	「完全な」「絶対的な」の意。また、バレリーナの最高位プリマ・バレリ－ナ・アソルータより。競走馬として最高位を目指してほしいとの願いを込めて。母名より連想。
2008	32	932	ヒアズホーピングの2008	ヒアズルッキング	Here's Looking	英語	「乾杯」の意。母名より連想。
2008	33	933	エイコーンリングの2008	エイコーンキッド	Acorn Kid	英語	「どんぐり坊や」の意。誰からも愛される馬になってほしいとの願いを込めて。母名より連想。
2008	34	934	リアルナンバーの2008	スクエアナンバー	Square Number	英語	「平方数」の意。母名より連想。
2008	35	935	デゴッドドーターの2008	ブロンクステイル	Bronx Tale	英語	ロバート・デニーロ監督の映画「ブロンクス物語」の原題より。父名および母父名より連想。
2008	36	936	ヘッドミストレスの2008	ヘッドマスター	Headmaster	英語	「校長」の意。母名より連想。
2008	37	937	スケアヘッドラインの2008	エスクルシーヴァ	Esclusiva	伊語	「特ダネ」の意。常に記事の一面を飾るような華々しい活躍を期待して。母名より連想。
2008	38	938	トランクイリティーの2008	カリビアンスタッド	Caribbean Stud	英語	カジノゲームの一種で一攫千金の要素が非常に大きいポーカーゲーム。将来的に海外のダート戦線で一攫千金を掴んでほしいとの願いを込めて。父名より連想。
2008	39	939	ピューリティーの2008	ピュアブリーゼ	Pure Brise	英語＋独語	「純粋なそよ風」の意。そよ風のように軽やかで清々しい走りをしてほしいとの願いを込めて。両親名より連想。
2008	40	940	シーズインクルーデッドの2008	クイーンエステル	Queen Esther	英語	旧約聖書の中にある「エステル記」の主人公名。勇気を持ってユダヤ人を擁護した。父名より連想。
2008	41	941	ササファイヤーの2008	フローガ	Floga	希語	「炎」の意。母名より連想。
2008	43	943	ポトリザリスの2008	イグアス	Iguazu	西語	アルゼンチンとブラジルにまたがる「イグアスの滝」より。母の血を受け継ぎ、父のように見る者に衝撃を与えてくれること期待して。母の生産国より連想。
2008	44	944	ハルーワソングの2008	フレールジャック	Frere Jacques	仏語	世界各地で歌われているフランスの民謡。日本のみならず、世界中で愛されるようになることを願って。母名より連想。
2008	45	945	タニノミラージュの2008	ファタモルガーナ	Fata Morgana	伊語	上位蜃気楼の俗称。母名より連想。
2008	46	946	ネオンデライトの2008	ヴェルデライト	Verdelite	希語	トルマリンの一種で希望や新しい始まりを象徴するヒーリングストーン。母名より連想。
2008	47	947	グッドゲームの2008	インパクトゲーム	Impact Game	英語	父名＋母名。重賞馬である両親の良いところを受け継いでほしいと願って。
2008	48	948	ブロードアピールの2008	ブロードピーク	Broad Peak	英語	中国とパキスタンの国境にある山。山頂の幅が1.5kmあり、「幅広い頂」の意がある。頂まで登ってからも、長く頂点に立ち続けることを願って。母名より連想。
2008	49	949	プンティラの2008	ペルレンケッテ	Perlenkette	独語	「真珠のネックレス」の意。真珠の石言葉は健康、長寿、富。健康に競走生活を送ってほしいとの願いを込めて。
2008	50	950	ケイティーズファーストの2008	ケイティーズジェム	Katies Gem	英語	「ケイティーズ一族の宝石」の意。牝系の中でも宝石のように光り輝く馬になってほしいとの願いを込めて。母名より連想。
2008	51	951	シーザリオの2008	ヴァイオラ	Viola	英語	シェイクスピアの作品「十二夜」の主人公名。男装するときはシーザリオと名乗るヒロインの本名。母に負けない活躍を願って。また、母の初めての娘である本馬に、母の別名を捧げたいとの思いより。母名より連想。
2008	52	952	プリンセスミラクルの2008	シヴァルリー	Chivalry	英語	「騎士道」の意。姫に忠誠を誓う騎士のように高貴な存在になってほしいとの願いを込めて。母名より連想。
2008	53	953	タンザナイトの2008	カイアナイト	Kyanite	英語	藍晶石。従順、適応、正常、純粋などを表し、心身のバランスを保つ効果があると言われている。母名および本馬の毛色より連想。
2008	54	954	ソルティレージュの2008	ソルシエール	Sorciere	仏語	「魔法使い」の意。母名（＝呪文、魔力）より連想。
2008	55	955	ウェルシュマフィンの2008	リーアノン	Rhiannon	ウェールズ語	偉大なる女王の意味を持つウェールズの月と馬の女神。馬を守る女神と言われていることから、健康な競走生活を送れることを願って。母名より連想。
2008	56	956	グリーティングスの2008	ベストリガーズ	Best Regards	英語	文末の挨拶。Greetingsに対する結びの言葉。母名より連想。
2008	57	957	フォーカルスターの2008	フォーカルシャイン	Focal Shine	英語	「焦点の輝き」の意。一族の集大成として、輝ける競走生活を送ってほしいとの期待を込めて。母名より連想。
2008	58	958	マンハッタンの2008	マーレーヒル	Murray Hill	英語	米マンハッタン東側の一帯。母名より連想。
2008	59	959	ローザネイの2008	ダーズンローズ	Dozen Rose	英語	「１ダースのバラ」の意。欧米においては、ダーズンローズの花束を恋人に贈ることで幸せになれるとされている。母名より連想。
2008	60	960	ビージョイフルアンドリジョイスの2008	オードトゥジョイ	Ode to Joy	英語	ベートーヴェン作曲「歓喜の歌」の英題。母名より連想。
2008	61	961	スカーレットローズの2008	エカルラート	Ecarlate	仏語	「緋色」の意。母名より連想。
2008	62	962	ラフィカの2008	カルドブレッサ	Caldo Brezza	伊語	「あたたかいそよ風」の意。競馬場へあたたかい風を送り込んでほしいとの願いを込めて。母名より連想。
2008	63	963	アドマイヤサンデーの2008	アヴェンチュラ	Aventura	伊語	「冒険」の意。狙ったレースをものにできるように。父名より連想。
2008	64	964	コニャックレディの2008	アルマニャック	Armagnac	英語	フランス南西部の地方名。また、この地方で醸造されるブランデー。勝利の美酒をもたらしてほしいとの願いを込めて。母名より連想。
2008	65	965	フェザーレイの2008	ラバーフロー	Lover Flow	英語	ハワイアンカクテルの名前より。父名より連想。
2008	66	966	トキオタヒーチの2008	スカラブレイ	Skara Brae	英語	スコットランドに残る集落遺跡。世界遺産とされている。兄名が世界遺産であることと父名より連想。
2008	67	967	ブルーアヴェニューの2008	シシリアンブリーズ	Sicilian Breeze	英語	「シシリアのそよ風」の意。また、ブルーキュラソーを使った青色のカクテルの名称。両親名より連想。
2008	68	968	キョウエイフォルテの2008	ラルゴ	Largo	音楽用語	「幅広くゆるやかに」の意。テンポを表す速度記号のひとつ。「情緒豊かに」の意も持つ。母名より連想。
2008	69	969	マルセイユキャットの2008	ルレーヴドメール	Le Reve de Mere	仏語	「母の愛」の意。勝利を味わうことなく引退した母の夢、愛を乗せて走ってほしいとの願いを込めて。
2008	70	970	セトインフィニティの2008	インフィニート	Infinito	西語	「無限大」の意。持っている能力を無限大に発揮してほしいとの期待を込めて。母名より連想。
2008	71	971	ローカスの2008	スピログラフ	Spirograph	英語	「定円の内側を転がる円の内点の軌跡」の意。母名より連想。
2008	72	972	ラフィントレイルの2008	アルドワーズ	Ardoise	仏語	「青みがかった灰色」の意。本馬の毛色と目の色より連想。
2008	73	973	ボンヌシャンスの2008	フェーラシュヴァル	Fer a Cheval	仏語	「馬の蹄鉄」の意。フランスでは幸運グッズのひとつとされている。母名より連想。
2008	74	974	ピノシェットの2008	バノックバーン	Bannockburn	英語	オーストラリア有数のピノノアール生産地域。父の生産国と母名より連想。
2008	75	975	タイキナタリーの2008	ウルル	Uluru	英語	オーストラリアにある一枚岩。父の生産国より連想。
2008	76	976	マラブーの2008	クラッタリング	Clattering	英語	コウノトリなどが嘴を激しく打ち鳴らす行動。母名より連想。
2008	77	977	ハナランマンの2008	カテンゲッチ	Katengetchi	日本語	「花天月地」。空には花が咲き誇り、月光がくまなく地上を照らす。陽春のころの月夜の景色のこと。母名より連想。
2008	78	978	エンシェントヒルの2008	ノッティングヒル	Notting Hill	英語	ロンドン西部の地域名。映画「ノッティングヒルの恋人」の舞台としても知られる。本馬のハッピーエンドを願って。また、母系に受け継がれる
2008	79	979	マイティーダンサーの2008	マイティーオーク	Mighty Oak	英語	「樫の大木」の意。オークスでの活躍を願って。母名より連想。
2008	80	980	マックスドゥイットの2008	レールスプリッター	Rail Splitter	英語	リンカーン大統領の愛称。父名より連想。
2008	81	981	インディパレードの2008	レックスパレード	Rex Parade	英語	マルディグラ・デイにニューオーリンズで開催されるパレード。母名より連想。
2008	82	982	ナイサーの2008	ジャバルターリク	Jabal Tariq	アラビア語	「ターリクの山」の意。ジブラルタルの語源となった言葉。父名より連想。
2008	83	983	ゴレラの2008	クーリドフレイズ	Coulis de Fraises	仏語	「苺のピューレ」の意。ファンからかわいがられる馬になってほしいとの願いを込めて。母名（苺の品種）より連想。
2008	84	984	ブーケドレーヌの2008	ブートニア	Boutonniere	仏語	新郎の左胸に飾る花。母名より連想
2008	85	985	ガッドグッドバイの2008	カットレット	Cutlet	英語	調理方法のひとつ。同じ意味を含む父のような名馬になってほしいとの願いを込めて。また、「勝つ」という響きどおりの結果を残してほしいとの期待を込めて。父名より連想。
2008	86	986	シトラスノカゼの2008	シトラスパフューム	Citrus Perfume	英語	「柑橘類の香水」の意。柑橘系の爽やかな香りのように、ファンの心を爽快にしてくれる走りを期待して。母名より連想。
2008	87	987	ポップチャートの2008	ポップディーバ	Pop Diva	英語＋伊語	「ポピュラー音楽の歌姫」の意。地方競馬で注目を集める存在になってほしいとの期待を込めて。母名より連想。
2008	88	988	シェアザストーリーの2008	リリカルストーリー	Lyrical Story	英語	「叙情詩的な物語」の意。感動を得られるようなレースを見せてほしいとの期待を込めて。母名より連想。
2008	89	989	Aqua D'Amoreの2008	アクアピューラ	Aqua Pura	英語	「純水」の意。選りすぐられた一番美しい水のように、選ばれた馬になってほしいとの願いを込めて。母名より連想。
2008	90	990	Kirov Premiereの2008	ロットネスト	Rottnest	英語	オーストラリアにある島の名。美しいビーチが人気。父の生産国より連想。
2008	91	991	Crimson Dawnの2008	ファントムクォーツ	Phantom Quartz	英語	本馬の誕生日である８月３１日の誕生石。人生における困難を乗り越える克服の象徴、成功に導くパワーを持つとされる水晶。 幾多の困難を乗り越え、競走馬として大成功してほしいとの期待を込めて。
2007	1	801	スーヴェニアギフトの2007	カドデュソレイユ	Cadeau du Soleil	仏語	「太陽の贈り物」の意。本馬の馬体と母名より連想。
2007	2	802	シアトルデライターの2007	スペースニードル	Space Needle	英語	アメリカ合衆国ワシントン州シアトルの中心地区にあるシンボルタワー名。母名より連想
2007	3	803	ライラックレーンの2007	ヴァルガリス	Vulgaris	英語	ライラックの学名Syringa vulgarisの一部。母名より連想。
2007	4	804	レッドヴェルベットの2007	ローテスクライト	Rotes Kleid	独語	「赤いドレス」の意。母名より連想。
2007	5	805	アズサユミの2007	フェイルノート	Failnaught	英語	「アーサー王伝説」に登場する騎士トリスタンが作った弓。 狙った場所に必ず当たると言われている。 大レースを狙い通りに制することのできる馬に育ってほしい願いを込めて。 母名より連想。
2007	6	806	ホワッツニューの2007	ホワッツアップ	What's Up	英語	「やぁ。元気？」「調子はどう？」の意。いつでも明るく元気に走ってほしいとの願いを込めて。母名より連想。
2007	7	807	メインスルーの2007	メインカレント	Main Current	英語	「主流」の意。中心的な存在でいられる様な活躍を願って。母名より連想。
2007	8	808	サダムブルーアイズの2007	グロッタアズーラ	Grotta Azzurra	伊語	「青い洞窟」の意。イタリア南部カプリ島にある海蝕洞で、水面が美しい青に輝き、神秘的な雰囲気を持つ。その名の通り、まばゆい輝きを放つ競走馬となることを願って。母名より連想。
2007	9	809	プレシャスラバーの2007	ダンスアムール	Dance Amour	仏語	「踊り＋愛」。両親の良いところを受け継いでほしいとの願いを込めて。父名と母名より連想。
2007	10	810	サマーベイブの2007	ワイドスプレッド	Wide Spread	英語	「左右に大きく開いた襟型」の意。母名より連想。
2007	11	811	ササファイヤーの2007	ティアレ	Tiare	ハワイ語	タヒチクチナシのハワイ名。ハワイで白いとても香りのよい花を咲かせる。本馬の毛色と父名より連想。
2007	12	812	レディブロンドの2007	ゴルトブリッツ	Gold Blitz	独語	「金の稲妻」の意。競馬場を稲妻のごとく駆け抜けてほしいと願って。本馬の毛色と母名より連想。
2007	13	813	ソニックグルーヴの2007	スペシャルグルーヴ	Special Groove	英語	直訳「特別なグルーヴ」。 エアグルーヴ一族の中でも特別な存在になるようにとの願いを込めて。父名と母名より連想。
2007	14	814	ルカダンスの2007	アギュエラ	Aguilera	英語	アメリカ人歌手Christina Aguileraより。世界中で活躍する彼女のようにとの願いを込めて。
2007	15	815	フレンチバレリーナの2007	スーブルソー	Soubresaut	仏語	バレエ用語で「馬の跳ね」の意。跳ねるような走りを期待して。母名より連想。
2007	16	816	レディフェアリーの2007	アースガルド	Asgard	古ノルド語	北欧神話に登場するアース神族の王国。母名のフェアリー（妖精）より連想。
2007	17	817	ベガスナイトの2007	キャニオンビュー	Canyon View	英語	「大峡谷の眺め」の意。アメリカ合衆国ラスベガスに程近いグランドキャニオンのような壮大な走りを期待して。母名と母系の活躍馬（Rainbow View）より連想。
2007	18	818	プレラットの2007	アークビショップ	Archbishop	英語	「キリスト教の最高位の聖職者階級」の意。母名より連想。
2007	19	819	リアリーハッピーの2007	リアルアヴェニュー	Real Avenue	英語	真なる道。正攻法の競馬で勝利へ向かって走ってほしいとの願いを込めて。母名と父母名・母父名より連想。
2007	20	820	シーセモアの2007	ソルスティス	Solstice	英語	世界最大のクルーズ船。父名より連想。
2007	21	821	ゲイングローリーの2007	プラウディーレ	Plaudire	伊語	「称賛する」の意。称賛を浴びるような存在になってほしいとの期待を込めて。母名より連想。
2007	22	822	セメイユドゥヴォンの2007	ヴィヴルヴォン	Vive le Vent	仏語	曲「ジングルベル」の仏語版で「風が吹く」の意で使われる。風のようにターフを駆け抜けてほしいとの願いを込めて。母名より連想。
2007	23	823	シュガーキャンディの2007	ミストラルシュガー	Mistral Sugar	英語	アルプス山脈から地中海に吹き降ろす風＋母名の一部。旋風を巻き起こすような活躍を願って。
2007	24	824	シーズアンの2007	シーズンズベスト	Season's Best	英語	「今季最高記録」の意。その名の通り最高の活躍ができるように。母名より連想。
2007	25	825	サドラーズメイドの2007	リンドブルム	Lindwurm	独語	翼と２本の前脚を持つ伝説上のドラゴン。ものすごいスピードで夜空を飛び回るとされている。素晴らしいスピード持った競走馬になってくれるようにとの願いを込めて。
2007	26	826	インディゴワルツの2007	ヴェニーズワルツ	Viennese Waltz	英語	ワルツの中でもテンポの速いワルツの一種。競馬場で速いスピードの走りを見せてほしいとの期待を込めて。母名より連想。
2007	27	827	エラドゥーラの2007	シャンギロンゴ	Changuirongo	西語	オレンジジュースをテキーラで割ったカクテル。 父名と母名より連想。
2007	28	828	ボンヌシャンスの2007	アウスピカーレ	Auspicale	伊語	「縁起がよい」の意。母名より連想。
2007	29	829	ビワプランサーの2007	クラウソラス	Claiomh Solais	ラテン語	直訳「光の剣」。ケルト神話に登場するダーナ神族の王ヌアザが持つ剣で不敗の剣とされている。他のどんな馬にも負けない切れ味を持ってほしいという願いを込めて。父名より連想。
2007	30	830	カメリアローズの2007	アブラハムダービー	Abraham Darby	英語	イングリッシュローズの代表的な品種名。非常に強く華やかな花。 父名のRosesとMay及び母名より連想。
2007	31	831	ローズバレッタの2007	ストークフィールド	Stoke Field	英語	薔薇戦争の最後の戦いである「ストーク・フィールドの戦い」より。母名より連想。
2007	32	832	タイキナタリーの2007	リズモア	Lismore	愛語	アイルランドで最も美しいまちにも選ばれたことがある町。その名の通り、美しい走りを見せてほしいとの願いを込めて。母父が愛ダービーを勝っていること、また名牝である祖母が愛国産であることより連想。
2007	33	833	インディパレードの2007	スフィラータ	Sfilata	伊語	「パレード」の意。一般的にはファッションショーを指す。ファッションショーのような華やかな舞台に立てるようにとの期待を込めて。母名より連想。
2007	34	834	マリアマッジョーレの2007	ヴェルバーノ	Verbano	伊語	イタリアで２番目に広い湖であるマッジョーレ湖の別名。母名より連想。
2007	35	835	スリリングヴィクトリーの2007	セイントニコラス	Saint Nicholas	英語	「聖ニコラス」の意。ロシアの守護の聖人で、サンタクロースのモデルと言われている。競馬界やファンにたくさんのプレゼントをしてほしいとの願いを込めて。父名より連想。
2007	36	836	サクラファビュラスの2007	ファーベルハフト	Fabelhaft	独語	「素晴らしい」の意。その名の通り、素晴らしい走りを見せてほしいとの期待を込めて。母名より連想。
2007	37	837	プリンセスカーラの2007	ピットスポルム	Pittosporum	英語	本馬の誕生日である２月１４日の誕生花。花言葉は「飛躍」。その花言葉通り、大いに活躍できることを願って。
2007	38	838	ラプーマの2007	ラプリマステラ	La Prima Stella	伊語	「一番星」の意。競馬場でも一番に輝くような走りを見せてほしいとの期待を込めて。母名より連想。
2007	39	839	ライクリーティナの2007	コヴェンティナ	Coventina	英語	ケルト神話に登場する泉の女神。母名より連想。
2007	40	840	ホワットケイティーディドの2007	アマルフィターナ	Amalfitana	伊語	イタリアのソレントからサレルノまでの海岸名。世界遺産にも指定されており、世界一美しいとも言われる。 速さと美しさを兼ね備えた馬になって欲しいという願いをこめて。
2007	41	841	ローザネイの2007	ローザグランデ	Rosa Grande	伊語	「偉大な薔薇」の意。血統背景の偉大さ、素晴らしさを受け継いだ競走馬になってほしいと祈って。母名より連想。
2007	42	842	ケイティーズファーストの2007	デルフィニウム	Delphinium	英語	飛燕草の学名。花言葉は「高貴」。
2007	43	843	ハルーワソングの2007	ラスティングソング	Lasting Song	英語	「いつまでも続く歌」の意。後世に名を残す馬になってほしいと願って。母名より連想。
2007	44	844	ポトリザリスの2007	バルトーロ	Bartolo	西語	アルゼンチン・タンゴの最初に採譜された作品。父名と母の母国より連想。
2007	45	845	フリードリームズの2007	フォルトシュリット	Fortschritt	独語	「進歩」の意。常に進歩し続ける競走馬になってほしいとの願いを込めて。
2007	46	846	トゥザヴィクトリーの2007	トゥザグローリー	To the Glory	英語	「栄光に向かって」の意。母以上の活躍をして大きな栄光をつかめるようにとの期待を込めて。
2007	47	847	スーパーバレリーナの2007	プルミエダンスール	Premier Danseur	仏語	オペラ座の第一級舞踊手の階級名。トップクラスの活躍ができるようにとの願いを込めて。母名より連想。
2007	48	848	シーザリオの2007	トゥエルフスナイト	Twelfth Night	英語	シェイクスピアの作品「十二夜」の原題。母名より連想。
2007	49	849	ピノシェットの2007	ピンクアリエス	Pink Aries	英語	祖母名の一部＋本馬の誕生日がおひつじ座（＝アリエス）に当たることから。
2007	51	851	マミーズジュエリーの2007	ルチルクォーツ	Rutile Quartz	英語	金鉱石入り水晶と呼ばれるパワーストーン。黄金色（１着）に輝き続けてほしいとの願いを込めて。母名より連想 。
2007	52	852	タイキシフォンの2007	サヴァラン	Savarin	仏語	フランスの焼き菓子名。世界中で愛されるサヴァランのように、人々を魅了し続ける名馬になってほしいと願って。 母名より連想。
2007	53	853	メインタイトルの2007	タイトルホルダー	Title Holder	英語	日本だけでなく世界の称号をも獲得できるような馬になってほしいとの願いを込めて。母名より連想。
2007	54	854	グレイトフィーヴァーの2007	ラフォルジュルネ	La Folle Journee	仏語	「熱狂の日」と呼ばれるフランス北西部の港町ナントで誕生したクラシック音楽祭の名称。常に観客を熱狂させる走りを披露できることを祈って。母名より連想。
2007	55	855	アドマイヤマカディの2007	ラフェクレール	La Fee Claire	仏語	「輝く妖精」の意。その名の通り、輝かしい活躍ができることを願って。本馬の馬体より連想。
2007	56	856	ソニンクの2007	ライツェント	Reizend	独語	「愛らしい」「優美な」の意。その走りでファンに愛される存在になってほしいと願って。
2007	57	857	タイキポーラの2007	ネオポラリス	Neo Polaris	英語	直訳「新しい北極星」。星の中心となる北極星のように、同世代の中心、目標の存在になるようにとの期待を込めて。父名と母名より連想。
2007	59	859	キョウエイマーチの2007	インペリアルマーチ	Imperial March	英語	直訳「帝国の行進曲」。また、映画『スターウォーズ』のダースベイダーのテーマ。母名より連想。
2007	60	860	プアプーの2007	アルメーリヒ	Allmahlich	音楽用語	「次第に」の意。母名「Peu a Peu」と同じ意味合いで使われる用語。
2007	61	861	ビスクドールの2007	バトードール	Bateau d'Or	仏語	「黄金の船」の意。黄金の様に光り輝く競走馬生活を全うしてほしいとの願いを込めて。 父名と母名より連想。
2007	62	862	アドマイヤサンデーの2007	ヴェラブランカ	Vela Blanca	西語	「白い帆」の意。スケールの大きい白い馬体から、風をいっぱいに受けて航海する帆船をイメージして。
2007	63	863	プリティジョディーの2007	ジョディーズライン	Jody's Line	英語	「ジョディーの家系」の意。３代母まで続くJodyの母系をしっかり受け継いでほしいと願って。
2007	64	864	トキオジュリアの2007	トロサックス	Trossachs	英語	スコットランドの英雄ロブロイが活躍したグラスゴー北部の風光明媚な一帯。父にも負けない舞台での活躍を期待して。
2007	65	865	アフタービートの2007	マージービート	Mersey Beat	英語	１９６０年代にイギリスから世界に流行したロックの演奏スタイル。 ビートルズの出身地リヴァプールにあるマージー川に由来する。日本ではリヴァプールサウンドと呼ばれる。ビートルズのように海外へと羽ばたいて一世を風靡するような活躍をしてほしいとの期待を込めて。母名より連想。
2007	66	866	ビューティテイストの2007	アイビーフォールド	Ivy Fold	英語	ポケットチーフの折り方の１つ。父名より連想。
2007	67	867	ヘイアンリリーの2007	リリウムルベルム	Lilium Rubellum	英語	乙女百合の学名。可憐な走りを期待して。母名より連想。
2007	68	868	ミレニアムポップの2007	クラウドバスター	Cloud Buster	英語	ウオッカベースのカクテル。 直訳のとおり、雲を払うような活躍を期待して。父名と父の代表産駒名より連想。
2007	69	869	フサイチケリーの2007	サックアクロア	Sac a Croire	仏語	元々は馬具工房として創業したエルメス社の人気商品「ケリーバッグ」の改称前の名。ケリーバッグの様に認知度のある競走馬になることを願って。母名より連想。
2007	70	870	スキッフルの2007	フラガラッハ	Fragarach	ゲール語	ケルト神話の光の神ルーが持つ魔剣。この剣の刃を見た敵は力失せ、誘われるように切り伏せられてしまう。父名より連想。
2007	71	871	スペクタクルライフの2007	スペクタビリス	Spectabilis	ラテン語	薔薇の一種で、「注目に値する」「豪華」などの意もある。その名の通り、注目に値するような走りを見せてほしいとの期待を込めて。父名と母名より連想。
2007	72	872	オレゴントレイルの2007	スコッツブラフ	Scotts Bluff	英語	オレゴントレイルにある岩。ネブラスカ州西部にあり、開拓者たちの道標となっている。他馬の道標となれるようにとの期待を込めて。母名より連想。
2007	73	873	オーソードレッシイの2007	クレアトゥール	Createur	仏語	「時代に先駆けて個性のある装いを生み出すデザイナー」の意。 母名より連想。
2007	74	874	アスクレピアスの2007	クラサヴィカ	Curassavica	ラテン語	アスクレピアスの代表的な品種で、オレンジ色と黄色の美しい花を咲かせる。また花言葉は「健康な体」。健康でなおかつ華やかな活躍を期待して。母名より連想。
2007	75	875	シャドーウィップの2007	セイルオンザグラス	Sail on the Grass	英語	「芝生の上を颯爽と進む」の意。ヨットが水を切って進むように、ターフを華麗に走る姿を思い描いて。父名より連想。
2007	76	876	アーティストチョイスの2007	アンヴァルト	Anwalt	独語	「弁護士」の意。父名より連想。
2007	77	877	マイティーダンサーの2007	マルティプライ	Multiply	英語	「掛け算をする」「増加させる」の意。その名の通り勝ち星を増加させていってほしいとの期待を込めて。
2007	78	878	ヴードゥーレディの2007	ボッカデラヴェリタ	Bocca della Verita	伊語	「真実の口」の意。父名より連想。
2007	79	879	カクタスベルの2007	カクタスペア	Cactus Pear	英語	ウチワサボテン類の果実。母名より連想。
2007	80	880	ストロベリーストームの2007	ライクロフト	Ｒｙｅｃｒｏｆｔ	英語	オーストラリアの地名。また、いちごの香りがするオーストラリア産のワイン「ローズマウント・ライクロフト・シラーズ」より。産地および母名から連想。
2007	81	881	パーフェクトプロミスの2007	フレデフォート	Vredefort	英語	南アフリカ共和国にある世界最古の隕石跡「フレデフォート・ドーム」より。南アフリカで活躍した母および母系から連想。
2006	1	701	ウエスタンワールドの2006	ワイルドウエスト	Wild West	英語	開拓時代の米国西部地方を指す語。開拓者のように進取の気風を持って競走生活を送って欲しいという願いを込めて。母名より連想。
2006	2	702	パテントリークリアの2006	フェルミオン	Fermion	英語	量子論における物質の構成要素となる粒子のひとつ。父名より連想。
2006	3	703	コールミーラヴの2006	ルークラッド	Roucoulade	仏語	「恋人たちの甘いささやき」の意。母名の一部ラヴから恋人を連想。
2006	4	704	ライラックレーンの2006	フィフスペトル	Fifth Petal	英語	「５枚目の花びら」の意。 ５枚の花びらを持つライラックはハッピーライラックと呼ばれ、幸運のシンボルとされる。皆に幸せをもたらし、自身も幸運に恵まれるように願って。母名より連想。
2006	5	705	ラークホイッスルの2006	ラークフライト	Lark Flight	英語	「ひばりの飛翔」の意。世界に羽ばたく競走馬になって欲しい。母名の一部を引用。
2006	6	706	スプリンターキャットの2006	オッキオディガット	Occhio di Gatto	伊語	「猫目石、キャッツアイ」の意。母名より連想。
2006	7	707	ピノシェットの2006	ビンテージチャート	Vintage Chart	英語	ワインの出来を表す数値。母名より連想。
2006	8	708	ビワビーナスの2006	ベッロカリーノ	Bello Carino	伊語	「見事な可愛さ」の意。魅力のある、そして皆に愛される名馬に育って欲しいと願いを込めて。
2006	9	709	フリーヴァケイションの2006	レイクルイーズ	Lake Louise	英語	"カナディアン・ロッキーの宝石"と讃えられる氷河湖名。 見る者の心を奪うような走りを期待して。 カナダチャンピオンの母より連想。
2006	10	710	スーパードレスの2006	ココパエア	Koko Paea	ハワイ語	「カメハメハの血脈」の意。父キングカメハメハが内包する素晴らしい遺伝子が本馬に伝わり、爆発的な走りをしてくれることを願って。ハワイ語「Koko（血）」＋カメハメハ大王の幼名「Paea」。
2006	11	711	ソニンクの2006	ランフォルセ	Renforcer	仏語	音楽用語で「ますます強く」の意。留まるところを知らない成長力でチャンピオンホースになることを期待して。
2006	12	712	チェイスザウインドの2006	ライドザウインド	Ride the Wind	英語	「時流に乗る」の意。 母名の一部を引用。
2006	13	713	レディブロンドの2006	ラドラーダ	La Dorada	西語	「黄金の女」の意。母名より連想。
2006	14	714	ポンパドールの2006	ゴレアドール	Goleador	ポルトガル語	「ゴールを決め得点を入れる者、ストライカー」の意。ゴール板を先頭で駆け抜けて勝利を挙げて欲しい。母名より連想。
2006	15	715	サティーヌの2006	フットライト	Footlight	英語	「出演者を足元から照らす光」の意。脚光を浴び、皆の注目を集めるような走りをしてくれることを願って。父名より連想。
2006	16	716	ウェルシュマフィンの2006	スウィートマフィン	Sweet Muffin	英語	「甘くて美味しいマフィン」の意。母名の一部を引用。
2006	17	717	ステンレスダンサーの2006	エトワールドール	Etoile d'Or	仏語	「金色の星」の意。エトワールはパリ・オペラ座バレエ団のダンサーの最高位。ドール（金色）はきれいな栗毛を表す。父名、母名より連想。
2006	18	718	プレジャートレイルの2006	オーシャントレイル	Ocean Trail	英語	「海の小道」の意。国内に留まらず、海外遠征が出来るほどの馬に成長してほしいと期待を込めて。父名、母名の一部を引用。
2006	19	719	スルーオールの2006	マイティースルー	Mighty Slew	英語	「巨大な力」の意。両親から受け継いだ力をターフで見せつけてほしい。母名の一部を引用。
2006	20	720	ブルーラスターの2006	シャルトルブルー	Chartres Blue	仏語	シャルトル大聖堂にあるステンドグラスの青い色彩。母名より連想。
2006	21	721	ムガメールの2006	スティアレッジ	Steerage	英語	「操舵」の意。 しっかりとした舵取りで大舞台に進めてほしい。 父名より連想。
2006	22	722	ホープチェストの2006	ネオディメンション	Neo Dimension	英語	「新次元」の意。次元の違う走りを見せてくれることを期待して。父名より連想。
2006	23	723	スターバイオレットの2006	コンステラシオン	Constellation	仏語	「きら星の如く居並ぶ名士たち」の意。母名の一部（スター）より連想。
2006	24	724	アルウェンの2006	ルーシエン	Luthien	英語	『シルマリルの物語』の登場人物の名でもっとも美しいといわれるエルフの乙女。『指輪物語』の登場人物・アルウェンがルーシエンに良く似ており、「ルーシエンの再来」と呼ばれていたことから。母名より連想。
2006	25	725	ストマッカーの2006	カペルマイスター	Kapellmeister	独語	｢指揮者｣の意。競馬界をリード(指揮)するような走りを期待して。
2006	26	726	ベルベットローブの2006	ローブヴォラント	Robe Volante	仏語	１８世紀のフランスで流行したドレスの一種。母名より連想。
2006	27	727	ビワプランサーの2006	スパラート	Sparato	伊語	「弾丸のように速い」の意。父のような抜群の速さを持つ競走馬になるように。父の競走成績より連想。
2006	28	728	ベビーグランドの2006	ベビーキール	Baby Kir	英語	カシスリキュールとぶどうジュースで作るカクテル名。父名、母名より連想。
2006	29	729	ロッタレースの2006	ロッタラック	Lotta Luck	英語	「Lotta=a lot of」+「Luck」。たくさんの幸運が本馬に訪れるように願って。母名の一部を引用。
2006	30	730	レガシーヴィーナスの2006	ローシェンナ	Raw Sienna	英語	イタリアの大地の色の名称。母の父トニービンがGⅠ制覇を成し遂げた国・イタリアより連想。
2006	31	731	クリアカットの2006	エスクリム	Escrime	仏語	「剣術」の意。素早く、そして鋭い走りを見せてほしい。母名より連想。
2006	32	732	バイラリーナの2006	バイラオーラ	Bailaora	西語	「フラメンコの女の踊り子」の意。情熱的な走りで人々の心に感銘を与えて欲しい｡
2006	33	733	メジロメンカールの2006	ハトシェプスト	Hatshepsut	英語	「最も高貴な女性」の意。また古代エジプト第１８王朝６代目ファラオで史上“唯一”の女王名としても有名。母にとって“唯一”の子となる本馬が競馬界で女王の座に就くことを願って。
2006	35	735	タイキジュリエットの2006	ナビエストークス	Navier Stokes	英語	宇宙船や飛行機で用いられる流体力学の方程式名。 父名より連想。
2006	36	736	リーサの2006	ラパジュリアロセア	Lapageria Rosea	西語	母の故郷・チリ共和国の国花であるコピウエの学名。
2006	37	737	ヴェスタの2006	フレイムプリースト	Flame Priest	英語	「炎の神官(司祭)」の意。母名(ローマ神話の竃の女神)より連想。燃える闘争心と神聖な力を持つことを願って。
2006	38	738	ニーニャデガルチの2006	ワイルドフェロー	Wild Fellow	英語	「暴れん坊」の意。とても前向きで気迫みなぎる走りを期待して。父名の一部を引用。
2006	39	739	ヴァンドノワールの2006	ピースエンブレム	Peace Emblem	英語	「平和の象徴」の意。力強い走りの中にもフェアなきれいなレース運びができるように。父名より連想。
2006	40	740	ユーワジョイナーの2006	プリマティスタ	Primatista	伊語	「記録保持者、レコードホルダー」の意。いつまでも燦然と輝く成績を残せるように願いを込めて。
2006	41	741	アッサムヒルの2006	セカンドフラッシュ	Second Flush	英語	「夏摘み茶」の意。味、香り、コクとバランスのとれた最高品質の紅茶。ダージリン紅茶のクオリティシーズン。他の収穫期と比べ高品質とされ、高値で取引されている。
2006	42	742	エクボの2006	コロナループ	Coronal Loop	英語	太陽を取り巻く外層大気の低層部に、磁力線に沿って形成される巨大なアーチ状のガスの流れ。太陽活動周期の活発期にはコロナループも増加する。エネルギーみなぎる走りを期待して。
2006	43	743	フォーントの2006	フォンターナ	Fontana	伊語	「泉」の意。本馬の才能が泉の如く湧き上がり、トレヴィの泉のように世界的に有名な馬になるよう願いを込めて。
2006	44	744	キューの2006	ブレイクランアウト	Break Run Out	英語	ビリヤード用語。全ての球をノーミスで落とすこと。スキのない完璧なレース運びで他馬を寄せ付けることなく勝てる馬になることを願って。
2006	45	745	ヴードゥーレディの2006	キアロディルーナ	Chiaro di Luna	伊語	「月光」の意。父名より連想。
2006	46	746	ブゼンキャンドルの2006	ディバインフレイム	Divine Flame	英語	「神聖な炎、神々しい炎」の意。他馬を凌駕する走りを見せることを期待して。母名より連想。
2006	47	747	カーリーエンジェルの2006	トゥリオンファーレ	Trionfare	伊語	「征服する」の意。他馬に打ち勝ち、厳しい競争を制することができるように。
2006	48	748	キョウエイマーチの2006	トライアンフマーチ	Triumph March	英語	「凱旋行進曲」の意。本馬が大レースで勝利し、凱旋行進曲が聴けるようになるよう願って。また、いつか凱旋門賞のような大舞台で走れるよう期待を込めて。母名の一部を引用。
2006	49	749	オリンピアデュカキスの2006	ムーンストラック	Moonstruck	英語	米女優オリンピア・デュカキスのアカデミー賞受賞作「月の輝く夜に」の英名。頂点まで上り詰めて欲しいと願いを込めて。母名より連想。
2006	50	750	ウーマントウショウの2006	パルティコラーレ	Particolare	伊語	「特別な、独特な、際立った」の意。 どのような条件下においても異彩を放つ走りを見せてくれることを期待して。父名より連想。
2006	51	751	ゲルニカの2006	レイナソフィア	Reina Sofia	英語	スペイン・マドリッドにある、名画「ゲルニカ」を所蔵する美術館名。母名より連想。
2006	53	753	アドマイヤリッチの2006	レティセラ	Reticella	伊語	美しい幾何学的な模様を作るレース刺繍の技法。優美で華麗な走りを見せてくれることを期待して。祖母名より連想。
2006	54	754	ヒアズホーピングの2006	アルテアロゼア	Althaea Rosea	英語	「大望、熱烈な恋」の花言葉を持つ多年草の一つ。華やかで華々しい競走生活を送ることを願って。
2006	55	755	ハルーワソングの2006	フェストシュピール	Festspiel	独語	「音楽祭、祝賀公演」の意。 大勢の観衆を集められる存在になってほしいと願いを込めて。母名より連想。
2006	56	756	オーベルゲイドの2006	カルカソンヌ	Carcassonne	仏語	南仏にあるユネスコ世界遺産に登録された歴史的城塞都市名。「カルカソンヌを見ずして死ぬなかれ」の諺がある年間３００万人が訪れる一大観光地。本馬も是非一度見てみたいと思わせる、魅力的な走りができる馬になることを願って。母名（南仏の有名ホテル名）より連想。
2006	57	757	ビッグエリザベスの2006	グロリアーナ	Gloriana	英語	チューダー朝最後の統治者・女王エリザベス一世の別名。女王という肩書きが付けられるような活躍を期待して。母名より連想。
2006	58	758	フラワーパークの2006	パラディーゾ	Paradiso	伊語	「楽園」の意。華やかな競走生活を送れるように願いを込めて。母名より連想。
2006	59	759	ケイティーズファーストの2006	ファーレサルティ	Fare Salti	伊語	「一緒に踊る」の意。数多くの勝利を挙げることで、皆が何度も歓喜の踊りができるように。父名より連想。
2006	60	760	シーズアンの2006	ノルブリンカ	Nor Bu Gling Ka	チベット語	チベット自治区の首都ラサにある、ユネスコ世界遺産に登録された離宮とその庭園名。「ノルブリンカ」は宝（ノルブ）の庭（リンカ）という意.。母名より連想。
2006	61	761	プレイヤーホイールの2006	フェリスホイール	Ferris Wheel	英語	「観覧車」の意。見る者、乗る者を楽しませる、魅力的な走りができる馬になるように願って。母名より連想。
2006	62	762	ルビーマイディアの2006	ロッソネロ	Rosso Nero	伊語	「赤と黒」の意。母名（ルビー）から赤、父名（クロフネ）から黒を連想。 サッカーセリエＡのビッグクラブ、ＡＣミランの俗称でもあり、華々しい活躍ができるように。
2006	63	763	スカーレットローズの2006	クリムゾンブーケ	Crimson Bouquet	英語	バラの一種で「真紅の花束」の意。 燃え上がるような熱い走りができるように願いを込めて。母名より連想。
2006	64	764	マンファスの2006	ネオイリュージョン	Neo Illusion	英語	「新たな幻想」の意。牡馬２冠を制した父に追いつき、追い越せるよう願いを込めて。父名より連想。
2006	65	765	ローザネイの2006	ロゼットネビュラ	Rosette Nebula	英語	「ばら星雲」の意。いっかくじゅう座にある真紅のバラの花飾りのような散光星雲の名称。血統背景に相応しい競走成績を残して欲しいと願いを込めて。母名より連想。
2006	66	766	ウインフィオーレの2006	ペルシステンテ	Persistente	ポルトガル語	「持続する」の意。最後の直線でいい脚を持続し、突き抜けることを期待して。父の現役時代の末脚より連想。
2006	67	767	キューティブロンドの2006	ウィザースプーン	Witherspoon	英語	映画『キューティブロンド』の主演女優「リーザ・ウィザースプーン」の名より。彼女は他の作品ではあるが、アカデミー賞主演女優賞を受賞しており、大レースでヒロインになれるよう期待を込めて。
2006	68	768	ジェドゥーザムールの2006	ロールプリンシパル	Role Principal	英語	「主役」の意。レースで主役をはれるような実力馬になるように願いを込めて。
2006	69	769	ソルティレージュの2006	ストゥレガーレ	Stregare	伊語	「魔法をかける、魅了する」の意。見る者を魅了するような魅惑的な走りを見せてくれることを期待して。母名より連想。
2006	70	770	ブーケトスの2006	ガリアーノ	Galliano	伊語	ミントなど多数の薬草を使った、バニラの香りが特徴的なイタリア産のリキュール。母名から草花を、父名からリキュールを連想して。
2006	71	771	キョウエイフォルテの2006	サウンドアクシス	Sound Axis	英語	「音軸」の意。母名より連想。
2006	72	772	インディスユニゾンの2006	リーチコンセンサス	Reach Consensus	英語	「全員の意見が一致する」の意。大レースにおいても全員の意見が“本命”で一致するような馬になってくれることを願って。
2006	73	773	メヤディーニの2006	オートキュイジーヌ	Haute Cuisine	仏語	正餐に用いる厳格な作法に則ったフランス料理｡父名より連想｡
2006	74	774	フーラクサの2006	エスプリヌーヴォー	Esprit Nouveau	仏語	「新しい精神」の意。母フーラクサと同じく、フランスで活躍した建築家ル・コルビュジエが創刊した雑誌名。またパリ万国博覧会では装飾のないモダニズム建築で「エスプリ・ヌーヴォー館」を設計。彼の提唱した近代建築の五原則はモダニズム建築の礎となった。競馬の新時代を築いて欲しいという思いを込めて。
2006	75	775	ダイイチリカーの2006	クリンゲルベルガー	Klingelberger	独語	バーデン地域でのリースリングワイン（白ワイン）の別称。原料となるブドウの品種名でもある。母名と馬体より連想。
2006	76	776	キャサリーンパーの2006	プラセンティア	Placentia	英語	キャサリンパー妃の夫・イングランド王のヘンリー８世が誕生したロンドン郊外のグリニッジにある宮殿名。母名より連想。
2006	77	777	マイワイルドフラワーの2006	アンプレヴー	Imprevu	仏語	「予期せぬ意外な出来事」の意。皆が信じる状況では勿論のこと、強豪ひしめく大舞台においても期待を大きく上回る走りを見せてくれることを期待して。
2006	78	778	エラティスの2006	ティフィン	Tiffin	独語	ドイツのリキュール名。薫り高い紅茶の風味があり、ヒマラヤで採れる高級茶葉・ダージリンを使用している。父名より連想。
2006	79	779	ハートオブゴールドの2006	ドナシュラーク	Donnerschlag	独語	「雷鳴」の意。稲妻のような衝撃的な走りが人々の心に突き刺さる様子をイメージして。母名より連想。
2006	80	780	シュートザピットの2006	ディレクトリーセ	Direktrice	独語	「女性支配人」の意。牝馬ながら競馬界全体のリーダー的存在になってほしい。
2006	81	781	シーズプリンセスの2006	ビヨンドマイリーチ	Beyond My Reach	英語	「高嶺の花」の意。見るものをうっとりとさせるような華麗な走りを期待して。母名（プリンセス）より連想。
2006	82	782	マンハッタンの2006	メトロノース	Metro North	英語	ニューヨーク・マンハッタンの地下鉄名。母名より連想。
2006	83	783	タイキヴィーナスの2006	キュプリス	Cypris	英語	ギリシャ神話に登場する愛と美の女神・アプロディテの別称。「キプロス島の女神」の意。母名より連想。
2006	84	784	ジラベルの2006	オーロツェッキーノ	Oro Zecchino	伊語	「純金」の意。競走生活で一つでも多くの金（１着）を獲ってもらいたい。父名より連想。
2006	85	785	ヤマヒサローレルの2006	ポエットロリエット	Poet Laureate	英語	「桂冠詩人｣の意。英国王室付きの詩人に与えられる称号。美しくそして気高く頂点を極めて欲しいという願いを込めて。母名より連想。
2006	86	786	タイキポーラの2006	ポーラシークエンス	Polar Sequence	英語	天の北極付近にあり、星の等級の基準となる星の集まり。満点に光り輝く恒星のような美しい成績を収められるように願いを込めて。母名の一部を引用。
2006	87	787	タイキラビリンスの2006	イラクリオン	Iraklion	ギリシャ語	ギリシャ・クレタ島の都市名。迷宮で有名なクノッソス宮殿が存在する。母名より連想。
2005	1	601	レディブロンドの2005	ジャングルビジット	Jungle Visit	英語	「ジャングルへの旅」の意。言い換えれば未知への旅。果てしない可能性に期待して。父名から連想。
2005	2	602	マンファスの2005	オフリミッツ	Off Limits	英語	「聖域の」の意。 他馬を寄せ付けない強さを見せて欲しいという願いを込めて。
2005	3	603	イーエルブロッサムの2005	モンスターパーク	Monster Park	英語	アメリカンフットボールのサンフランシスコ４９ersの本拠地名。父名から連想。
2005	4	604	スルーオールの2005	ロビュスト	Robuste	仏語	「逞しい」の意。雄大な馬体から連想。 逞しさ溢れる競走馬になって欲しい。
2005	5	605	ラークホイッスルの2005	アルティジャーノ	Artigiano	伊語	「職人」の意。レースでいい仕事をしてくれるようにと願って。
2005	6	606	エクソセットの2005	ボランス	Volans	英語	「飛び魚座」の意。母名から連想。
2005	7	607	ボンヌシャンスの2005	トランスワープ	Transwarp	英語	光速の数千倍の速度で船を移動させるワープ航法を更に超える夢の航法。存在感のある四白の四肢でターフを駆け抜けることを期待して。
2005	8	608	シャドウメモリーの2005	サブコンシャス	Subconscious	英語	「潜在意識」の意。本能のまま他馬に先駆けて疾走し、ゴールを目指すように。母名から連想して。
2005	9	609	ティエッチダンサーの2005	バイヨン	Baiao	葡語	軽快かつはずみのついた二拍子のダンスリズムの一つ。父名、母名から連想。
2005	10	610	ベルクラシックの2005	ハンメル	Hammer	英語	世界最高額のヴァイオリン名。美しい走りと名に恥じない活躍を願って。母名から連想。
2005	11	611	エラティスの2005	スウェプトアウェイ	Swept Away	英語	「（見る者の）心を動かす」の意。見るものの心を奪うような走りを期待して。父名から連想。
2005	12	612	ササファイヤーの2005	クロワッサンルナ	Croissant Luna	仏語＋西語	「三日月」の意。本馬の額の星から連想。
2005	13	613	ブルーラスターの2005	インディゴライト	Indigolite	英語	別名ブルートルマリンと呼ばれる青色の鉱物名。母名から連想。
2005	14	614	ストマッカーの2005	アメリカンタイトル	American Title	英語	米競馬でGⅠタイトルを奪取した父と同様な活躍を遂げるように。父の戦績から連想。
2005	15	615	フォーカルスターの2005	フォーカライズ	Focalize	英語	「焦点調整」の意。（光を）焦点に集めること。 競馬場で観客の焦点を一点に集めて欲しい。母名から連想。
2005	16	616	ハーモナイザーの2005	シンセサイザー	Synthesizer	英語	様々な音色を出すことができる電子楽器の一つ。多様性のある走りが出来る馬になることを願って。
2005	17	617	メジロキャニオンの2005	シーニックループ	Scenic Loop	英語	米国ネバダ州にある観光名所｢レッドロックキャニオン｣の地域内を走る、絶景のドライブコース名。母名より連想。
2005	18	618	ウエスタンワールドの2005	チェルカ	Cerca	伊語	「探索」の意。西の世界(母名)へ夢を探しに航海(父名からの連想)に出る。
2005	19	619	サクラハゴロモの2005	セレスチャルローブ	Celestial Robe	英語	「天女の羽衣」の意。「Celestial＝天上の」＋ 「Robe＝長い衣装（羽衣）」。
2005	20	620	フサイチハッスルの2005	プティフール	Petits Fours	仏語	「一口大のお菓子」の意。祖母名より連想。
2005	21	621	フリーヴァケイションの2005	モレーンレイク	Moraine Lake	英語	世界一美しいと言われるカナダの湖名。 幻想的そして神秘的に輝く湖畔のように、ターフで輝いて欲しいという願いを込めて。 カナダチャンピオンの母から連想。
2005	22	622	サイレントビーナスの2005	クラトス	Kratos	希臘語	「力、権力」の意。レースで力を誇示するような走りができるよう期待を込めて。
2005	23	623	ミュゲルージュの2005	ルージュアルダン	Rouge Ardent	伊語	「灼熱の赤、燃えるような赤」の意。燃え上がるような熱い走りを期待して。
2005	24	624	ミラクルミユキの2005	キャスタスペルミー	Cast a Spell Me	英語	「魔法をかけて」の意。魔法（走り）で見るものを魅惑して欲しい。母名より連想。
2005	25	625	プリマの2005	カーラプリマ	Corra Prima	伊語	「前へ走る」の意。常に前へ前へと行く積極的な走りを期待して。母名の一部を引用。
2005	26	626	スリークドレスの2005	ルミナリエ	Luminarie	伊語	「光の芸術、イルミネーション」の意。輝かしい競走生活を送れるように。
2005	27	627	バーニングウッドの2005	バーニングブライト	Burning Bright	英語	「燃え上がる＋輝く」。燃え上がるように燦々と輝いて存在をアピールして欲しいという願いを込めて。母名の一部を引用。
2005	28	628	ロングオペラの2005	マルチメトリック	Maltimetric	英語	「頻繁な変拍子」の意。ストラビンスキー、バルトークなどの２０世紀の作曲家の作品によくみられる。
2005	29	629	マラブーの2005	ピーカブー	Peekaboo	英語	「いないいないばぁ」の意。いい意味で周囲を驚かせ、楽しませてくれることを期待して。母名の音から連想。
2005	30	630	ダイナチャイナの2005	シャンスイ	Xiangshui	中国語	「香水」の意。 「香」は最近隆盛を極める香港競馬を連想。国際競走の舞台に立てるように願って。母名から連想。
2005	31	631	ホッカイカレンの2005	チョコクランチ	Choco Crunch	英語	洋菓子の一つ。チョコクランチのように皆に愛されるような大活躍を期待して。毛色から連想。
2005	32	632	ノンストップラブの2005	アーリーレナ	Early Rena	英語	「初恋草」の品種。母名から連想。
2005	33	633	ジンジャーリリーの2005	ヘディキウム	Hedychium	ラテン語	生姜の学名。母名から連想。
2005	34	634	パープルコートの2005	パローレ	Parole	英語	大きな赤紫色の花をつけ、強い芳香を誇るコンテスト用としても評価が高い薔薇。大輪の花を咲かせて欲しいとの願いを込めて。
2005	35	635	ポトリザリスの2005	マゼラン	Magellan	英語	ポルトガルの航海者、探検者名。南アメリカ大陸の南端を発見し、初めて欧州から西回りで太平洋に到達した。率いる艦隊は史上初の世界一周を達成した。
2005	36	636	キョウエイフォルテの2005	キャトルマン	Quatre Mains	仏語	１台のピアノを４本の手で弾く「連弾」の意。母と姉から連想。強く偉大な競走馬となるよう期待を込めて。
2005	37	637	ブロードアピールの2005	カイゼリン	Kaiserin	独語	「女帝」の意。女帝と呼ばれるような存在になれるように願って。
2005	38	638	エグズマキーの2005	ダークエナジー	Dark Energy	英語	宇宙全体に「反発する重力」として効果を及ぼしている仮想的エネルギー。他馬を寄せ付けない強大な競走能力を発揮することを願って。
2005	39	639	チャールストンハーバーの2005	グレースチャーチ	Grace Church	英語	チャールストンにある教会名。母名から連想。
2005	40	640	ユウサンポリッシュの2005	ブラストオフ	Blast Off	英語	「（ミサイルなどの）発射」の意。 ミサイルに匹敵するような速さでターフを駆け抜けてくれることを願って。
2005	41	641	ビッグモンローの2005	エアリアルショット	Aerial Shot	英語	映画用語の一つ。 クレーン、飛行機、あるいはヘリコプターから撮影されたショット。母名から連想。
2005	42	642	キタノオゴジョの2005	トゥリオーニ	Trioni	伊語	「北斗七星」の意。母名より連想。
2005	43	643	ラスティックベルの2005	ピアレスベル	Peerless Belle	英語	「絶世の美女」の意。良家出身の本馬がターフで皆に振り向かれるような存在になることを願って。母名から連想。
2005	44	644	ストーミーマターズの2005	ヴェンダバール	Vendaval	西語	「疾風」「一陣の風」の意。 ターフを力強い風となって駆け抜けて欲しい。
2005	45	645	ベルピアノの2005	グロッケンライン	Glockenrein	独語	「鐘の音のように冴えた（澄んだ）」の意。冴え渡るような走りを見せるように。母名から連想。
2005	46	646	ドラゴンマリーンの2005	マリサット	Marisat	英語	米国の海事通信衛星。母名から連想。
2005	47	647	オーベルゲイドの2005	プラチナベール	Platina Veil	英語	内に秘めた輝き。ターフで輝きを放つ存在になるように。
2005	48	648	アドマイヤサンデーの2005	トールポピー	Tall Poppy	英語	「成功を収めた人、傑出した人物」の意。 傑出した能力で他を圧倒し、成功を収めるように。ポピーは日本では「ひなげし」の意で「虞美人草」とも呼ばれる。
2005	49	649	コンクラーベの2005	コンヴィヴィオ	Convivio	伊語	「饗宴」の意。母名から連想。
2005	50	650	サンウィルシャインの2005	アイテール	Aither	希臘語	ギリシャ神話に登場する天空神、光の神。
2005	51	651	ブーケトスの2005	プライマー	Primer	英語	「点火薬、雷管（導火線の一部」の意。反応のいい走りを期待して。
2005	52	652	ハートストリングスの2005	ハートアンサンブル	Heart Ensemble	英語	「心の合奏。心のこもった演奏」の意。母名から人々に感動を与える音楽を連想。その走りでファンの魂を熱くさせてもらいたいと希望して。
2005	53	653	ハリウッドレビューの2005	グリフィス	Griffith	英語	グリフィス天文台より。ハリウッドを一望できる場所。世界を見渡せるようにとの願いを込めて。
2005	54	654	ピノシェットの2005	スピリタス	Spirytus	波蘭語	ポーランド原産のウオッカ(アルコール濃度９６％)。父名から連想。
2005	55	655	ミントエンジェルの2005	リーガルスキーム	Regal Scheme	英語	「王の策略」の意。 父驀進“王”と母父のMachiavellian＝“策士”から連想。 父から送り出される策略＝秘密兵器として、 競馬界を席巻してほしいと期待を込めて。
2005	56	656	ケイティーズファーストの2005	ケイティーズベスト	Katies Best	英語	名牝である祖母「ケイティーズ」の血縁の中でも ベストの馬になれるように願いを込めて。
2005	57	657	ビッグエリザベスの2005	ネルソンタッチ	Nelson Touch	英語	スペイン無敵艦隊を破ったトラファルガー沖海戦で英艦隊を率いたネルソン提督が用いた戦法。 父名「艦隊」、母名「エリザベス」から連想。
2005	58	658	フルオブラフターの2005	フルスペック	Full Spec	英語	「完全仕様」の意。競走馬に必要な能力を全て備えた馬になってほしいと願って。母名から連想。
2005	59	659	ハルーワソングの2005	サルスエラ	Zarzuela	西語	スペインの叙情的オペラ音楽。母名から連想。
2005	60	660	ミスティーミスの2005	ミスティーレイン	Misty Rain	英語	小説「ミスティーレイン」から。 ミスティーレインの主人公のように、運命（レース）にひたむきに、かつ逞しい女性になって欲しいという願いを込めて。母名から連想。
2005	61	661	フィックルフレンズの2005	フィックルベリー	Fickle Berry	英語	「気紛れな果実」の意。母名の一部を引用。
2005	62	662	グリーンスプレーマの2005	エメラルドミスト	Emerald Mist	英語	ドランブイとブルーキュラソーで作った緑の美しいカクテル。母名から連想。
2005	63	663	ラテルネの2005	マルティンスターク	Martinstag	独語	ドイツで行われる聖マルティンの日。 ちょうちん（ラテルネ）行列が行われる。母名から連想。
2005	64	664	カタリストの2005	ミルフルール	Mille Fleurs	仏語	「千の花々」の意。華やかな競走生活を期待して。
2005	65	665	オーキッドオアシスの2005	アイスキャスケード	Ice Cascade	英語	「氷の滝」の意。白い小さな滝、シンビジウムの一種ものことも指す。母名から連想。
2005	66	666	コールミーラヴの2005	アンリミテッドラヴ	Unlimited Love	英語	「無限の愛」の意。どこまでも皆に愛される存在になってほしい。母名から連想。
2005	67	667	ダイナグロリアの2005	セマナサンタ	Semana Santa	西語	「聖週間」の意。キリスト教の伝統行事の一つでキリストの復活を祝うお祭り。スペインなどでは国を挙げてこれを祝う。  母名グロリア(ミサ曲の通常文の一つ)、母母名エイコーン(聖像)から連想。
2005	68	668	マンハッタンの2005	ブランチブルック	Branch Brook	英語	マンハッタン近辺にある桜の名所の公園名。父名、母名から連想。
2005	69	669	フォレストゾーンの2005	フォレストチャーム	Forest Charm	英語	「森の魅力」の意。父名（黄金の魅力）、母名（森の地帯）から連想。
2005	70	670	シトローネの2005	シトリーン	Citrine	英語	「レモン・トパーズ（黄水晶）」の意。母名から連想。
2005	71	671	ヤヨイビジンの2005	テアルビジン	Thearubigin	英語	紅茶に多く含まれる成分(呈色成分）。父名、母名から連想。
2005	72	672	ミルズウィスパーの2005	ウィスパーカール	Whisper Curl	英語	美容用語の一つ。顔に掛かる息のようなカール。そんな美しさを持った馬に成長して欲しいとの願いを込めて。
2005	73	673	プリティタイディの2005	オペラセリア	Opera Seria	伊語	「正統歌劇」の意。 中世欧州で始まった「オペラ」の歴史の中でも初期段階の荘重な歌劇を指す。  父名、母名から連想。
2005	74	674	シャルウォーカミーズの2005	ラウニカ	Launica	西語	「かけがえのないもの」の意。皆に愛され、かけがえのない存在となって競馬史に名前を残して欲しいという願いから。
2005	75	675	マニッシュガールの2005	スマックガール	Smack Girl	英語	独特な持ち味を持つ女性。異彩を放つ、味の有る牝馬になって欲しい期待を込めて。
2005	76	676	クラウディスカイズの2005	ボタニカルアート	Botanical Art	英語	「植物画」の意。父名から連想。「花のラファエロ」と呼ばれたベルギーの天才画家ルドゥーテ(Redoute)に因んで。
2005	77	677	ダマシノの2005	レディッシュレイ	Reddish Ray	英語	「赤味を帯びた光線」の意。光線のように走るイメージと父名から連想。
2005	78	678	ガードの2005	ラーナック	Larnach	英語	ニュージーランドに唯一現存する城。城内にある美しい庭園も有名。父名・母名より連想。
2005	79	679	アスターアフェアの2005	アースグラヴィティ	Earth's Gravity	英語	「地球の引力」の意。 父ガリレオ→地動説への連想。
2004	1	501	ササファイヤーの2004	プラテアード	Plateado	西語	「銀色の」の意。父名と芦毛の馬体から連想。
2004	2	502	ベビーグランドの2004	アンプルール	Empereur	仏語	「皇帝」の意。母名から連想。
2004	3	503	ムガメールの2004	レスプランディール	Resplendir	仏語	「光り輝く」の意。光り輝く存在になってほしいという願いを込めて。
2004	4	504	サドーダンサーの2004	アウダーチェ	Audace	伊語	「大胆な人」「勇敢な人」の意。
2004	5	505	ブロードアピールの2004	オートクレール	Hauteclaire	仏語	「ローランの歌」でオリヴィエの持つ名剣。
2004	6	506	マッチポイントの2004	パルティード	Partido	西語	「試合」の意。試合（レース）で勝ち続けてほしいとの願いを込めて。母名から連想。
2004	7	507	ウエスタンワールドの2004	ファストドロウ	Fast Draw	英語	ウエスタンスタイルで早撃ちを競う競技。母名から連想。
2004	8	508	ローズサッシュの2004	イスピラート	Ispirato	伊語	「感動的な」の意。すべての人に感動を与えられるような走りを期待して。
2004	9	509	チェイスザウインドの2004	パサート	Passat	独語	「貿易風」の意。国内にとどまらず世界でも活躍できるように。
2004	10	510	レッドヴェルベットの2004	レッドベリル	Red Beryl	英語	赤色透明の宝石名。母名から連想。
2004	11	511	タイキパンドラの2004	センティード	Sentido	西語	「感覚、センス」の意。レースセンス溢れる競走馬になることを期待して。
2004	12	512	シャリマーガーデンの2004	レガルメンテ	Regalmente	伊語	「王者の風格で」の意。常に王道を歩む活躍を期待して。
2004	13	513	ティッパートゥーの2004	ベルティオン	Beltion	ギリシャ語	「最高」の意。最高のレースをしてくれることを願って。
2004	14	514	ラークホイッスルの2004	ストームホイッスル	Storm Whistle	英語	アメリカ沿岸警備隊が使用する遠くまで音色が届く笛。母名から連想。
2004	15	515	プリマダンサーの2004	アラリス	Alaris	西語	高速列車の名。父から受け継いだスピードを存分に発揮してほしい。
2004	16	516	エイティカラーの2004	オリジナルカラー	Original Colour	英語	独自色を発揮し、成功するよう願いを込めて。母名から連想。
2004	17	517	エーエスキャットの2004	ティグラート	Tigrato	伊語	「トラ（又は猫）のような」の意。母名から連想。
2004	18	518	ヒシシルバーメイドの2004	ニードルポイント	Needle Point	英語	インディアンジュエリーの技法。母名から連想。
2004	19	519	ダンジグエンジェルの2004	テルミヌス	Terminus	ラテン語	ローマの境界の標の神の名。威風堂々とした競走生活を祈って。
2004	20	520	ジンジャーリリーの2004	ギガワンダー	Giga Wonder	英語	１０億倍＋父名。人々驚嘆させる走りを期待して。
2004	21	521	ピノシェットの2004	ペルラート	Perlato	伊語	「真珠のような」の意。真珠のように光り輝くように。
2004	22	522	フォレストゾーンの2004	アルセイド	Alseid	英語	欧神話に登場する清楚な森の妖精。母名から連想。
2004	23	523	スターミーの2004	カラベルラティーナ	Caravela Latina	ポルトガル語	ポルトガル海軍の船。父から連想。
2004	24	524	サクラハゴロモの2004	イデアーレ	Ideale	伊語	「理想、理想の人」の意。全ての面で理想的だと評される競走馬になるように願いを込めて。
2004	25	525	ステラファンタジーの2004	ステラフィランテ	Stella Filante	伊語	「流れ星」の意。皆が願いを込めるような存在になるように。母名から連想。
2004	26	526	デローベの2004	ドレスインレッド	Dress in Red	英語	情熱（赤色）を身に纏う。人々の心を熱くさせる走りをするように。
2004	28	528	バンボリーナの2004	フィグリーナ	Figurina	伊語	「小さな人形」の意。多くのファンから愛され、お気に入りの存在になってほしい。
2004	29	529	ニシノエルハーブの2004	マロウブルー	Mallow Blue	英語	ティーを入れると鮮やかな青色になるハーブ。父名、母名から連想。
2004	30	530	メジロキャニオンの2004	フェイジョア	Feijoa	西語	南米産の花。花言葉は「実りある人生、情熱に燃える心」。
2004	31	531	ポトリザリスの2004	クルサード	Cruzado	西語	アルゼンチンタンゴのステップの一種。父名から連想。
2004	32	532	サンウィルシャインの2004	ソルヴィエント	Sol Viento	西語	「太陽風」の意。熱く、速く、すさまじく、そして勢いある走りを見せてくれるように。母名より連想。
2004	33	533	フィールドサンデーの2004	ベンティスカ	Ventisca	西語	「吹雪」の意。白き馬体で吹雪のごとく駆け抜けるように。
2004	34	534	エクストラテレストラルの2004	アルヴィス	Allwise	ラテン語	「全能なるもの」の意。シドレクスサガに登場する白鳥に変身する女神。
2004	35	535	ビワビーナスの2004	メルクーリオ	Mercurio	伊語	「水星」の意。水星のように熱く煮え滾るような走りを期待して。母名より連想。
2004	36	536	キャサリーンパーの2004	レベリオン	Rebellion	英語	「反乱」の意。父名フレンチより「革命」→「反乱」と連想。常に頂点を目指すように。
2004	37	537	チャールストンハーバーの2004	アシュレイリバー	Ashley River	英語	チャールストンハーバー川に通じる川の名。母名から連想。
2004	38	538	ルビーマイディアの2004	ルビウス	Rubeus	ラテン語	「赤い」の意。ルビーの語源となった語。燦然と輝く走りを見せるように。母名より連想 。
2004	39	539	ゲルニカの2004	オルティスローザ	Ortiz Rosa	西語	母の故郷アルゼンチンで採集される最高品質の稀少石の名。
2004	40	540	ミムズアゲインの2004	アーリドラーテ	Ali Dorate	伊語	「黄金の翼」の意。金色（１着）の翼で大きく羽ばたいて欲しい。
2004	41	541	タイキタムレットの2004	デュオトーン	Duotone	英語	父母血統の色調（tone）が融合し、活躍してくれることを願って。
2004	42	542	ヤヨイビジンの2004	トロンフォルガー	Thronfolger	伊語	「王位継承者」の意。シンボリルドルフ、トウカイテイオーの血を引き継ぐ競走馬として、父、祖父に負けない活躍を願って。
2004	43	543	ソニンクの2004	ヴァイスハイト	Weisheit	独語	「賢明、知恵」の意。聡明な競走馬になってほしい。
2004	44	544	ヴァリッドサーチの2004	ミネラロジスト	Mineralogist	英語	「輝石を探す鉱物学者」の意。競馬の奥深さを伝えて欲しい。
2004	45	545	ハリウッドレビューの2004	ティルフィング	Tirfing		ステーンハンマル作の歌劇名。初演はスウェーデン、ストックホルム。母名の一部（レビュー）より連想。
2004	46	546	ステージヴァージンの2004	トレッドザステージ	Tread the Stage	英語	晴れ舞台を踏んでいけるように願って。母名から連想。
2004	47	547	ケージーパールの2004	レイナード	Reinado	西語	「君臨、治世」の意。競馬界に君臨するような活躍を期待して。
2004	48	548	トキオルンルンの2004	グランメルヴィーユ	Grand Merveille	仏語	「大きな感動」の意。ファンに大きな感動を与えてくれる活躍を期待して。
2004	49	549	マイケイティーズの2004	ファーストチェア	First Chair	英語	「主席奏者」の意。同世代の中では勿論のこと、競走馬全体のトップに君臨するよう願って。祖母の名の一部より。
2004	50	550	メルティースノーの2004	アイスブレイカー	Ice Breaker	英語	「砕氷船」の意。どんな困難をも打ち砕くように願いを込めて。母名から連想。
2004	51	551	ベルクラシックの2004	ベルフィーチャー	Belle Feature	英語	「顕著な特徴」の意。ジャズである楽器を目立たせて演出すること。母名から連想。
2004	52	552	バンクシアローズの2004	ペルネティアナ	Pernetiana	仏語	鮮やかな黄色い花をつけるバラの一種。バラのように華やかな競走生活を願って。母名から連想。
2004	53	553	ディアアドマイヤの2004	アフェクショネイト	Affectionate	英語	「愛情のこもった」の意。皆に愛される存在となってくれることを期待して。
2004	54	554	ジューンアナガリスの2004	フルールラフィーネ	Fleur Raffine	仏語	「洗練された花」の意。美しく洗練された走りを期待して。
2004	55	555	スルーミーナウの2004	デルフィーネ	Delfine	独語	「イルカ」の意。母の父名から女性風にして。
2004	56	556	アカンプリッシュの2004	グラントリアノン	Grand Trianon	仏語	ヴェルサイユ宮殿内にある大理石でできた離宮の名。スケールの大きい競走馬になってくれることを期待して。
2004	57	557	シーキングロイヤルの2004	ヴェロチスタ	Velocista	伊語	「スピード競技の選手」の意。持ち前のスピードを武器に末長く活躍して欲しいとの願いを込めて。
2004	58	558	コンクラーベの2004	コンフィズリー	Confiserie	仏語	フランス砂糖菓子の総称。母名から連想。
2004	59	559	エレガントプロウズの2004	ファニーブライド	Funny Bride	英語	愉快な花嫁。強いだけではなく、個性的で印象に残る活躍を願って。祖母名から連想。
2004	60	560	スキッフルの2004	クードクール	Coup de Coeur	仏語	「一目ぼれ」の意。ファンに一目ぼれされるような存在になってほしいという願いを込めて。
2004	61	561	カルガリプリンセスの2004	マルカール	Marcar	西語	踊るときのリズムをとる様。軽やかにリズミカルな走りで活躍してくれることを願って。
2004	62	562	アドマイヤバレーの2004	グラシューズ	Gracieuse	仏語	「優雅な」の意。優雅でしとやかな走りで活躍してくれることを願って。
2004	63	563	ハイセンスモモコの2004	シルエラ	Ciruela	西語	「スモモ」の意。本馬の小さく可愛いイメージと母名から連想。
2004	64	564	レディブーンの2004	クリアヴュー	Clear View	英語	「視界良好」の意。レースで視界良好となることを願って。
2004	65	565	ブライトリーの2004	シンティランテ	Scintillante	伊語	「燦然と」の意。競走馬として明るく、そして輝く存在になってほしい。
2004	66	566	ノットオンフライデイの2004	フライデイフライト	Friday Flight	英語	「金曜日の飛翔」の意。
2004	67	567	キロフプリミエールの2004	クルックス	Crux	英語	南半球で夜空に輝く有名な星座である南十字星。一般名はサザンクロスだが、学名はクルックス。
2003	1	401	アドマイヤサンデーの2003	ヴァリアントホーク	Valiant Hawk	英語	「勇敢な鷹」の意。祖父シルヴァーホークから連想。大空を舞う鷹のようにターフでも疾走して欲しいという願いを込めて。
2003	2	402	ボンヌシャンスの2003	インテレット	Intelleto	伊語	「知性」の意。知性は新しい選択の可能性を切り開く後天的な能力である。知性ある走りで、大レースへの道を切り開くような活躍を期待して。
2003	3	403	ウメノファイバーの2003	フィルドール	Fil d'Or	仏語	「金の糸」の意。母名ファイバー（繊維）と栗毛の馬体から連想。晴れのクラシックの舞台でより美しく、輝いて見えるように。
2003	4	404	ラビットボールの2003	サークルチェンジ	Circle Change	英語	落ちる変化球の一種。母名（ボール）から連想。「魔球サークルチェンジ」の活字が、月曜日のスポーツ新聞紙上に記事として載るような変幻自在な活躍でファンを魅了して欲しいという願いを込めて。
2003	5	405	ベゴニアの2003	クラシックムード	Classic Mood	英語	ベゴニアの品種の一種。母名から連想。クラシックを意識できる馬になれるように。
2003	6	406	ミムズアゲインの2003	ヴァレンティーノ	Valentino	伊語	「バレンタインデー」の意。本馬が2月14日生まれであるため。レースで活躍して、誕生日に沢山チョコレートが貰えるように願いを込めて。
2003	7	407	エラティスの2003	メガクライト	Megaclite	ラテン語	木星の衛星の一つ。ギリシャ神話に登場するマカレウスの娘の名前に由来。父を超えるスターになって欲しいという願いを込めて。
2003	8	408	ワイルドフラワーの2003	マックスノット	Max Knot	英語	「最大限の速度」の意。ノットは船の速度の単位。父名クロフネより連想。
2003	9	409	ルビーベイビーの2003	レッドスプレンダー	Red Splendor	英語	「赤い輝き」の意。母名ルビーベイビーより、燃えるような赤い輝きの宝石ルビーから連想。
2003	10	410	ユーキャンドゥイットの2003	ダンルース	Dunluce	アイルランド語	アイルランドのジャイアンツコーズウェイへ向かう途中にあるダンルース城から。父と同じようにスケールの大きな活躍をして、ファンの心を魅了して欲しいという願いを込めて。
2003	11	411	ティッパートゥーの2003	セイリングシップ	Sailing Ship	英語	「帆船」の意。父名クロフネより連想。ファンの声援を受け、順風満帆な競走成績を残せるように。
2003	12	412	アラビアンジュエルの2003	ビクスバイト	Bixbite	英語	アメリカ産の宝石から由来。現在は採掘されておらず、ある意味ダイヤモンドより貴重な宝石。母名ジュエルから連想。宝石言葉は高次元の意識。
2003	13	413	ライフアウトゼアの2003	スペクタクルライフ	Spectacle Life	英語	「壮観な生活」の意。見ていて壮観な、素晴らしい競走生活を送って欲しいという願いを込めて。
2003	14	414	ウインフィオーレの2003	オンシジューム	Oncidium	英語	母名フィオーレから花を連想。蘭の一種。花言葉は清潔。清らかな心を持った競走馬になって欲しいという願いを込めて。
2003	15	415	ゲートドクールの2003	モンプティクール	Mon Petit Coeur	仏語	「愛しい人」の意。本馬に関わる全ての人から可愛がってもらえるように願いを込めて。
2003	16	416	レーヌダンサーの2003	バルソビエンヌ	Varsovienne	仏語	マズルカに似た優雅な舞踊。母名（ダンサー）から由来。
2003	17	417	バイオレットダンスの2003	エクレールヴィオレ	Eclair Violet	仏語	「紫色の稲妻」の意。母名バイオレットから連想。稲妻のように豪快で鋭い脚で駆け抜けて欲しいとの願いを込めて。
2003	18	418	ニーニャデガルチの2003	ソーマサイト	Thaumasite	英語	ソーマス石、淡い黄色をした鉱物。ミスタープロスペクター（探鉱者）→ガルチ（峡谷）とくる母系から連想。ギリシャ語のＴｈａｕｍａｚein（驚異）からきている。驚異的な活躍を期待して。
2003	19	419	スリークドレスの2003	センシュアリティ	Sensuality	英語	「官能的」という意。母名（ドレス）と美しい馬体から連想。見るもの全てを魅了して止まない活躍を期待して。
2003	20	420	キューティリサの2003	トリックショット	Trick Shot	英語	ビリヤードで対戦相手を惑わす「曲球」の意。相手に呑まれず自分の力を出せる競走馬になれるようにとの願いを込めて。
2003	21	421	フサイチハッスルの2003	キャンディーストア	Candy Store	英語	祖母ダイナシュガーより連想。誰からも愛され、グレードレースを賑わす存在になれるように願いを込めて。
2003	22	422	フォレストエンゼルの2003	バルトアンジェラ	Walt Angela	独語＋英語	「森の天使」の意。緑のターフで父のような奇跡的な走りを見せてもらいたい。
2003	23	423	ジェドゥーザムールの2003	フェリーク	Feerique	仏語	「夢の世界のように美しい」、「妖精のような」という意。強いだけでなく、美しい存在であって欲しいという願いを込めて。
2003	24	424	スルーミーナウの2003	レストレスハート	Restless Heart	英語	「落ち着かない心」、「そわそわする心」の意。出走のたびにファンをワクワクさせて欲しいという願いを込めて。
2003	25	425	シャリマーガーデンの2003	ラホールフォート	Lahore Fort	英語	パキスタンにあるラホールの城壁。同じ都市にある世界遺産のシャリマール庭園（母名）から連想。ラホールの城壁も世界遺産であり、誰からも大事にされ注目されて欲しいという願いを込めて。
2003	26	426	ムガメールの2003	フォーリクラッセ	Fuori Classe	伊語	「超一流」という意。超一流の成績を残すような素晴らしい活躍を願って。
2003	27	427	トキオタヒーチの2003	ランザローテ	Lanzarote	英語	スペインユネスコ世界遺産登録ランザローテに存在する地名。祖母タヒーチより連想。
2003	28	428	イエローウイングの2003	デルタウイング	Delta Wing	英語	「三角翼」の意。超音速機で使用される主翼平面形の一種。母名（ウイング）から連想。
2003	29	429	キョウエイマーチの2003	ヴィートヴァンクル	Vite Vaincre	仏語	「速く（ヴィート）＋勝つ（ヴァンクル）」の意。どの馬よりも速く駆け抜け、他の馬を打ち負かして欲しいという願いを込めて。
2003	30	430	キャサリーンパーの2003	アロンダイト	Alondite	英語	アーサー王伝説より、円卓の騎士の中でも最強の騎士ランスロット卿の愛剣。名剣のような切れ味ある走りを期待して。
2003	31	431	キョウエイフォルテの2003	フォルテピアノ	Fortepiano	英語	初期のピアノの便宜的な呼称。母名（フォルテ）から連想。フォルテピアノの音色同様、強さと美しさがターフに響き渡るよう願いを込めて。
2003	32	432	ビワビーナスの2003	アンテヴォルテ	Antevorte	伊語	ローマの未来を司る女神。母名（ビーナス）より連想。
2003	33	433	ダンジグエンジェルの2003	カルナバリート	Carnavalito	西語	名曲「コンドルは飛んでゆく」の後半部分のリズム。フォルクローレの代表的なリズムで前半のヤラヴィとは打って変わって明るい軽やかな曲調。
2003	34	434	ゲルニカの2003	エスペラーダ	Esperada	西語	希望、期待するの意。牝馬ながら牡馬を一蹴するような女傑になれるように希望と期待を込めて。
2003	35	435	ピノシェットの2003	ピノグリージョ	Pinot Grigio	伊語	世界でも人気の高い白ワイン用ブドウ品種。イタリアを代表する白ワイン。切れ味が良い、華やかなといった特徴を発揮してもらい、偉大な父のような成長を期待して。
2003	36	436	ホリリボンの2003	ショルダーノット	Shoulder Knot	英語	17世紀ごろに上流階級の男子が身につけたリボンやレースでできた肩飾り。
2003	37	437	ポトリザリスの2003	ドゥルセデレーチェ	Dulce de Leche	西語	ミルクをキャラメル化するまで、煮詰めたもの。アルゼンチンの伝統的なタルトデザート。
2003	38	438	ハルーワソングの2003	メリフルアスソング	Mellifluous Song	英語	甘美な響きの歌。母名（ソング）と尾花栗毛の美しい馬体から連想。
2003	39	439	ダリンダの2003	シトラスノカゼ	Citrus no Kaze	日本語	シトラスとは日本でも馴染み深い果実である柑橘類の橙の果実から抽出された成分。フレッシュで甘い香りの爽やかな風がターフに吹くように願いを込めて。
2003	40	440	マイワイルドフラワーの2003	ブルーメンブラット	Blumenblatt	独語	「花びら」の意。母名（フラワー）より連想。薔薇の品種で人気のあるイングリッシュ系スプレ－薔薇。ＧⅠの舞台で大輪を咲かせてもらいたい。
2003	41	441	アリレディーの2003	アドラスティア	Adrastea	ラテン語	ギリシャ神話のネメシスにあたる正義と復讐の女神。不屈の走りを見せて欲しいという願いを込めて。
2003	42	442	エレガントプロウズの2003	リリカルプロウズ	Lyrical Prose	英語	「抒情的な文章」の意。母名エレガントプロウズ（優雅な文章）から連想。
2003	43	443	レディビーナスの2003	スプリームブリス	Supreme Bliss	英語	「無上の喜び」という意。関わる人たち全てが喜びに包まれるような活躍を期待して。
2003	44	444	ポンパドールの2003	ブリュードロア	Bleu de Roi	仏語	「王者の青」という意。セーブル磁器独特の青い色調のこと。ダート王の父のような活躍を願って。
2003	45	445	インディスユニゾンの2003	クロノロジスト	Chronologist	英語	「年代学者」の意。競馬の歴史にその名を刻んで欲しいという願いを込めて。
2003	46	446	ミラクルミユキの2003	グリンデルワルト	Grindelwalt	独語	スイスにある世界で一番美しい場所の一つに挙げられる村。馬体の美しさから連想。
2003	47	447	ソルティレージュの2003	レグルスキッド	Regulus Kid	ラテン語＋英語	春の星座、獅子座のα星で小さな王を意味するラテン語+子供。獅子のごとく強く逞しく頂点に輝く存在になって欲しいという願いを込めて。
2003	48	448	コープランズナニーの2003	レビュースコープ	Revue Scope	仏語＋英語	歌や踊りを組み合わせたショーを観劇する際に使用する「望遠鏡」の意。華やかな大レースでの活躍を期待して。
2003	49	449	エキゾティックソースの2003	ボルドレーズ	Bordelaise	仏語	仏料理のソース名。母名（ソース)より連想。父、祖父のように大舞台で強さを発揮できるように。
2003	50	450	ロングオペラの2003	オーベルヴィリエ	Aubervilliers	仏語	騎馬オペラを上演する劇団ジンガロの専用劇場があるパリ郊外の都市名。母名（オペラ）から連想。
2002	1	301	ティッパートゥーの2002	プリンシペデルソル	Principe del Sol		太陽の王子。凄まじいエネルギーを内包する太陽の如く、他馬を圧倒する走りを見せるように。
2002	2	302	キョウエイマーチの2002	ヴィートマルシェ	Vite Marcher		速く進行する。父名からフランスを連想し、フランス語で母の「マーチ」からマルシェを取った。速く進行し、優勝を目指す。
2002	3	303	プラチナウェーブの2002	クリスタルコースト	Crystal Coast		水晶の海岸。輝き煌くような競走成績を期待して。母名から連想。
2002	4	304	ウエスタンワールドの2002	テンガロンハット	Ten Gallon Hat		アメリカ西部特有のつば広帽子。母名（ウエスタン）から連想。
2002	5	305	ヤヨイビジンの2002	ブレイクオブドーン	Break of Dawn		夜明け。新しい時代の幕開けを担う馬になって欲しいと願いを込めて。
2002	6	306	カネトシクインの2002	アッサイティアーモ	Assai Ti Amo		とても愛してる。誰からも愛される競走馬になって欲しいという意味を込めて。
2002	7	307	ラークホイッスルの2002	ペニーホイッスル	Penny Whistle		アイルランドの民族楽器。何度も歓喜の音を奏でられるようなレースを期待して。
2002	8	308	ヘバの2002	アストラルフォース	Astral Force		星の力。
2002	9	309	ポピーフィールドの2002	クライムアップ	Climb Up		上昇する。人気も成績も急上昇するように願いを込めて。
2002	10	310	スルーオールの2002	スルーレート	Slew Rate		最大応答速度を示す指標。より速く走り、より速く反応できるように。
2002	11	311	フサイチカツラの2002	タイムアゲイン	Time Again	英語	時を再び。父が制したダービーを再び制覇するように
2002	12	312	リトルハーモニーの2002	サブリナシューズ	Sabrina Shoes		映画「麗しのサブリナ」でオードリー・ペプバーンが履き、大流行した靴。同女優と同じような大活躍を期待して。
2002	13	313	アズウィローの2002	ビリーヴザミラクル	Believe the Miracle		奇跡を信じる。
2002	14	314	ボンヌシャンスの2002	クードゥシャンス	Coup de Chance		思わぬ幸運。運も味方につけてクラシック戦線で活躍して欲しい。母名から連想。
2002	15	315	フックラインの2002	ブランシュネージュ	Blanche Neige		白雪姫。本馬の毛色（芦毛）から連想。
2002	16	316	キューティリサの2002	リサスマイル	Lisa Smile		モナリサ（Monna Lisa)の微笑み。母名（リサ）から連想。
2002	17	317	アズテックヒルの2002	ショコアトル	Xocoatl		古代アステカで発明された、現代でいうチョコレートの原型の名。母名（アステカの丘）から連想。
2002	18	318	ビワカレンの2002	カレンナハナ	Karenna Hana		可憐な花。ターフで可憐に咲き誇る（成績を上げる）ように願いを込めて。
2002	19	319	ビワグッドラックの2002	ラッキーマーメイド	Lucky Mermaid		幸運な人魚。母名の一部（グッドラック）を引用。
2002	20	320	ベンチャービジネスの2002	エイミングポイント	Aiming Point		目標点。他の競走馬たちの目標になるようにとの願いを込めて。
2002	21	321	ローザネイの2002	レジェンダロッサ	Leyenda Rosa		バラ伝説。華麗な一族の実績を伝説にたとえ、その中でも一番輝かしい成績を残せるように願いを込めて。
2002	22	322	ヘラクリアの2002	フィフティーワナー	Fifty Oner		５１はシアトルマリナーズのイチローの背番号。日本でも海外でも輝かしい成績を残せるように。安田隆師命名。
2002	23	323	エクストラテレストラルの2002	エキゾーストノート	Exhaust Note		排気音。父名（インディ＝カーレース）から連想。
2002	24	324	レイエルの2002	ウォーレクイエム	War Requiem		鎮魂歌。デレクジャーマン監督の映画作品より。父名（ウォー）から連想。
2002	25	325	ポトリザリスの2002	ディアデラノビア	Dia de la Novia		アルゼンチンでの特別な日。４月１日にガールフレンドに花を贈る日（恋人の日）。
2002	26	326	マラブーの2002	プレラット	Prelate		高位聖職者。母名の英語名「marabou」はイスラム導師（高僧）、隠者の意味のフランス語に由来することから。
2002	27	327	ケープリズバーンの2002	アリューシャン	Aleutian		ベーリング海と太平洋を二分する列島の名。母の父名（ベーリング）、母名（リズバーン＝アラスカの地域名）から連想。
2002	28	328	プリマの2002	セイバーダンス	Sabre Dance		バレエ組曲「ガイーヌ」の中の一節「剣の舞」の英語名。剣のような切れ味と舞のような華麗なセンスを披露して欲しい。母系から連想。
2002	29	329	ビワプランサーの2002	ダンディズム	Dandyism		男のおしゃれ。いきなこと。母名（威勢のいい馬）のように意気揚々と大舞台で活躍して欲しい。
2002	30	330	キャサリーンパーの2002	クリソプレーズ	Chrysoprase		緑玉髄。希望が湧き、一人で未来を切り開いていく自信を得ることができるパワーストーン。
2002	31	331	レインボーファストの2002	レーゲンボーゲン	Regenbogen		虹。虹のような綺麗な走りを見せて欲しい。母名（レインボー）から連想。
2002	32	332	ヴァリッドサーチの2002	サーチエネミー	Search Enemy		敵を探す。次々に敵を探すほど、強い馬になって欲しい。母名（サーチ）から連想。
2002	33	333	ロングオペラの2002	コメディアデラルテ	Commedia dell' Arte		オペラ等の歌劇に影響を与えたイタリアの伝統喜劇。応援する人々にハッピーエンドを見せて欲しい。母名（オペラ）から連想。
2002	34	334	ジュエリーバードの2002	オルロフ	Orloff		インドで発見された５００ctもの大きさをもつ時価３０億円以上はすると言われるダイヤ。１８世紀オルロフ公からロシアの女帝エカテリーナに贈られた。母名（ジュエリー）から連想。
2002	35	335	タケノローズの2002	フィジカルバランス	Physical Balance		サッカー用語。身体能力が高く、バランスが良い。父名（サッカー）から連想。
2002	36	336	ダンジグエンジェルの2002	ティラノサウルス	Tyrannosaurus		最強の恐竜。大きな頭とパワーに満ちた雄大な馬体から連想。最強になって欲しいとの願いから。
2002	37	337	インディスユニゾンの2002	ライトニングボール	Lightning Ball		稲妻のような速球。父名（ライアン＝大リーグ投手）から連想。
2002	38	338	ステンレスダンサーの2002	ファインスティール	Fine Steel		高品質の鋼。母名（ステンレス）から連想。
2002	39	339	キロフプリミエールの2002	シーザリオ	Cesario		シェークスピアの喜劇「十二夜」の中の男装の麗人の名。
2002	40	340	ホープチェストの2002	ホープフルマリッジ	Hopeful Marriage		希望に満ちた結婚。母名（結婚準備の衣装箱）から連想。
2002	41	341	プリティラッキーの2002	ゴッドブレスユー	God Bless You		あなたに神のご加護がありますように。母名（とても幸福）から連想。
2002	42	342	エスカビオーサの2002	ミラキュラス	Miraculous		奇跡的な。父名（フジキセキ）から連想。
2001	1	201	トリッキーコードの2001	ハットトリック	Hat Trick	英語	サッカー用語。１試合で１選手が３ゴール決めること。母名より連想。
2001	2	202	ストロベリーリーズンの2001	トゥルーリーズン	True Reason	英語	本当の理由（訳）。母名、兄名より連想。
2001	3	203	ダイナアガサの2001	リニアウェルズ	Linear Wells	英語	直線の＋父父名の一部（一直線にゴールを目指して走れ）
2001	4	204	ティッパートゥーの2001	サイレンスギフト	Silence Gift	英語	父名の一部＋贈り物（父からもらった才能を活かして活躍して欲しい）
2001	5	205	ソアリングサルタナの2001	エボニービジョン	Ebony Vision	英語	漆黒の幻。馬体（黒鹿毛）から連想。
2001	6	206	ピュアラーザンピュアの2001	イノセントワールド	Innocent World	英語	無邪気な世界。母名から連想。
2001	7	207	ビバノンノの2001	ノンセクション	Non Section	英語	分野を限定されない部門。芝ダ、距離の長短を問わない活躍を期待して。
2001	8	208	ジェイズミラクルの2001	ミラクルレイザー	Miracle Raiser	英語	奇跡を起こす人（馬）。母名、母の父名より連想。
2001	9	209	スペシャルアラートの2001	スペシャライズ	Specialize	英語	特別な競走馬になるように。父名、母名より連想。
2001	10	210	マジックアイルの2001	アンブロージャル	Ambrosial	英語	神々しい。品のある神々しい姿より連想
2001	11	211	インデポジットの2001	トランスパランス	Transparence	仏語	透明性
2001	12	212	マリキータの2001	コア	Core	英語	核（地球の中心）、競馬界の中心になるよう
2001	13	213	ロワイヤルハイネスの2001	ハイネスライン	Highness Line	英語	高い素質を引き継いで活躍して欲しい。
2001	14	214	ベルセゾンの2001	アドロワ	Adroit	仏語	巧みな、器用な
2001	15	215	イージーラヴァーの2001	ラヴァーズナット	Lovers' Knot	英語	恋結び。縁結び。母名より連想。
2001	16	216	バーズウイングの2001	ウイングオブジェイ	Wing of J	英語	翼＋父のジェイドロバリーより（飛躍する翼になるように）
2001	17	217	シャネルレングスの2001	パサディナ	Pasadena	西語	薔薇の名前。ターフで美しく咲き誇って欲しい。
2001	18	218	ジスカの2001	リープリート	Lieblied	独語	好きな歌。多くの人にラヴソングのようにこの馬の名前を口ずさんで欲しい。
2001	19	219	ルビアの2001	ダズリングジュエル	Dazzling Jewel	英語	まばゆい宝石
2001	20	220	マイバレンタインの2001	ショコラティエール	Chocolatiere	英語	チョコレートを作る人（職人）。母名より連想
2001	21	221	フライノースの2001	ブライトウィング	Bright Wing	英語	輝く翼
2001	22	222	ラヴユーバイハートの2001	シュアリーゴールド	Surely Gold	英語	確かに、間違いなく金色。競走生活で間違いなく金を手にするだろう。
2001	23	223	レモンスフレの2001	ドルチェリモーネ	Dolce Limone	仏語	レモン味のデザート。母名より連想。
2001	24	224	ムーンドローンの2001	ラントゥザムーン	Run to the Moon	英語	月に向って走れ、母名より連想
2001	25	225	ホワイトトルネードの2001	ヴォークリンデ	Woglinde	独語	ワーグナーの楽劇「ニーベルングの指輪」より。ラインの乙女の一人。
2001	26	226	ダディーズシューズの2001	シューブラック			
2001	27	227	グリーンヒルケイの2001	テンダーグリーン	Tender Green	英語	柔らかな緑、新緑
2001	28	228	フレイムオブパリの2001	レーヴダジュール	Reve d'Azur	仏語	蒼い夢
2001	29	229	アズテックヒルの2001	エンシェントヒル	Ancient Hill	英語	いにしえの丘。古代の丘。母名より連想。
2001	30	230	フサイチカツラの2001	エンドレスウェルズ	Endless Wells		
2001	31	231	ロイヤルタップの2001	パラダイムシフト	Paradigm Shift	英語	見方、考え方を変えろ
2001	32	232	ホープチェストの2001	リヴインホープ	Live in Hope	英語	希望を持って生きる。決して諦めない。母名より連想。
2001	33	233	ジェイズジュエリーの2001	ウインドフォール	Windfall	英語	意外な授かり物
2001	34	234	ルイジアナピットの2001	シュートザピット	Shoot the Pit	英語	相手がおびえて逃げ出す
2001	35	235	ミムズアゲインの2001	ラブアゲイン	Love Again	英語	愛しさを重ねる（末永い活躍を願って）
2001	36	236	メイデンズブラッシュの2001	メイデンズメモリー	Maiden's Memory	英語	少女の思い出。母名より連想
2000	1	101	ロイヤルバレリーナの2000	ベンロイヤル	Ben Loyal	英語	山の様に不動な忠誠心
2000	2	102	ヒルシルヴァーの2000	ハイエストヒル	Highest Hill	英語	一番高い丘（母名から連想）
2000	3	103	クレヴァーパイロットの2000	シミュレーター	Simulator	英語	飛行機などの模擬操縦装置
2000	4	104	パラダイスリヴァーの2000	ブラッドシンプル	Blood Simple	英語	その良血をシンプルに発揮してほしい
2000	5	105	セントラジャスの2000	オーケストラピット	Orchestra Pit	英語	オーケストラの楽団席
2000	6	106	サンヤタの2000	プラウドレッド	Proud Red	英語	尊い赤（ワイン）父と母父名から
2000	7	107	ハミングチェリーの2000	ホップスコッチ	Hopscotch	英語	石蹴り遊び
2000	8	108	ブーケドゥフレールの2000	イロドリ			
2000	9	109	スプリングコートの2000	エフェメラル	Ephemeral	英語	スプリングエフェメラル（早春季植物）より
2000	10	110	フサイチクイーンの2000	プログレス	Progress	英語	進歩、発展
2000	11	111	ウイークエンドマッドネスの2000	マッドゲイル	Mad Gale	英語	強風（母名から連想）
2000	12	112	グロウイングオナーの2000	グロウフェイム	Glow Fame	英語	輝く名声
2000	13	113	スピルドビーンズの2000	ボートシャフター	Botschafter	独語	大使
2000	14	114	セイベリンの2000	トリリオンカット	Trillion Cut	英語	指輪の脇石のカット方法。母系の名牝・トリリオンより連想。
2000	14	14	ポジーの2000	レイ	Lei	英語	花輪。数多くの勝利を挙げレイを何回もかけられるように。
2000	15	115	マダムマグーの2000	ブーケトス	Bouquet Toss	英語	祝福を繋げる
2000	16	116	イマジナリーナンバーの2000	エンドレスシーン	Endless Scene	英語	終わりなき風景
2000	17	117	オネストゲストの2000	バデレール	Badelaire	仏語	反り刀
2000	18	118	ジヨニカズダーリングの2000	シミソラ	Simisola	英語	人名（ナイジェリアの女性に多い）
2000	19	119	トキオシンフォニーの2000	ラントルフト			
2000	20	120	レディークロースの2000	シュガータウン	Sugar Town	英語	母名の一部＋町
1999	1	1	ブルーマリーナの1999	ミスティックブルー			
1999	2	2	カータレットの1999	オピニオンリーダー			
1999	4	4	グリーンアイドケイの1999	ケイズロマンス			
1999	5	5	イヤーモアーの1999	パーフェクトゲーム			
1999	6	6	サマートリートの1999	レイジングロマンス			
1999	7	7	ココの1999	モリエール			
1999	8	8	レインボーパークの1999	エイブルドーター			
1999	9	9	シルキーメロディの1999	ビヨンドザタイム			
1999	10	10	スプライトスターの1999	フェアリーステップ			
1999	11	11	ソワデローズの1999	ミッドタウン	Midtown	英語	山の手と下町の中間にある町の中心街。
1999	12	12	カルメンスルーの1999	スターレッド			
1999	13	13	ツルミダイヤの1999	スイートルーム	Suite Room	英語	最上級の部屋に我々を招いてくれるように。
1999	15	15	シャークモアーの1999	パッションサイト			
1999	16	16	グレースフルマナーの1999	グレースフルタイム			
1999	17	17	テイクミーアウトの1999	プレイザー			
1999	18	18	クリヨンの1999	ワイルドリリー			
1999	19	19	タッチナットの1999	コーラルコースト			
1998	3	9903	ディアモモコの1998	ピンクダイヤモンド			
1998	4	9904	プリズミイの1998	クリスタルグリーム			
1998	5	9905	ソワデローズの1998	インテンド			
1998	7	9907	ブラフズディヴァイデンドの1998	ホットコール			
1998	8	9908	クレスタリーの1998	スカイワールド			
1998	9	9909	ダンシングラスの1998	ダンスフリーク			
1998	11	9911	センスオブリズムの1998	センセーショナル			
1998	12	9912	セイランの1998	アフォード			
1998	13	9913	グリーンアイドケイの1998	ケイズチャンプ			
1998	14	9914	テイクミーアウトの1998	ルックミーウエル			
1998	15	9915	ファーストブリーズの1998	リープリッヒ			
1998	16	9916	ヤエノジョオーの1998	マイオトメ			
1997	2	9802	プリテイマテルダの1997	キャリーセイル			
1997	3	9803	ココの1997	トゥルース			
1997	4	9804	タイニーティンカーベルの1997	ダディーズラヴ			
1997	5	9805	ドラムトの1997	ハートフルドリーム			
1997	6	9806	ソワデローズの1997	セイン			
1997	7	9807	ベリンゾーナの1997	ニューブリッジ			
1997	8	9808	スイートアバンダンの1997	ルビコン			
1997	9	9809	イヤーモアーの1997	ロビン			
1997	10	9810	クリヨンの1997	バルビゾン			
1997	11	9811	グリーンアイドケイの1997	ケイズヒーロー			
1997	12	9812	カータレットの1997	モンタナウインド			
1997	13	9813	メルシーモンフィーユの1997	フルラジエート			
1997	14	9814	ザヴァレッタの1997	クロンヌドール			
1996	1	9701	デイオラマの1996	マイウェイ			
1996	2	9702	ダンシングラスの1996	サニーリヴァー			
1996	3	9703	ヘザーフィールズの1996	アデア			
1996	4	9704	センスオブリズムの1996	セイジュン			
1996	5	9705	テイクミーアウトの1996	エンゲージメント			
1996	6	9706	スプリングリボンの1996	ソウシュン			
1996	7	9707	シルキーメロディの1996	バーガンディレッド			
1996	8	9708	タッチナットの1996	タッチザウインド			
1996	9	9709	ココの1996	ベルアリュール			
1996	10	9710	ハロースイートシングの1996	ハロースウィーティ			
1996	11	9711	クリヨンの1996	ソービューティフル			
1996	12	9712	セイランの1996	ロセアン			
1996	13	9713	ソワデローズの1996	ダーリンワン			
1996	14	9714	グリーンアイドケイの1996	ケイズエンジェル			
1996	15	9615	メイフローラの1996	フェイスアウト			
1996	16	9616	ファーストブリーズの1996	サンセットブリーズ			
1996	17	9617	ロージースルーの1996	ロージーメドウ			
1995	1	9601	ダンシングラスの1995	オドリコ			
1995	2	9602	デイオラマの1995	メモリーハープ			
1995	3	9603	ダンシューズドリユンヌの1995	アクロス			
1995	4	9604	ヘザーフィールズの1995	チェリッシュ			
1995	5	9605	ドラムトの1995	ラージャスターン			
1995	6	9606	シルクブーケの1995	ドミノライン			
1995	7	9607	クリヨンの1995	リセ			
1995	8	9608	イヤーモアーの1995	ドール			
1995	9	9609	フライングスニーカーズの1995	シトラス			
1995	10	9610	センスオブリズムの1995	セイレン			
1995	11	9611	メルシーモンフィーユの1995	ジムカーナ			
1995	12	9612	ユキズグリーンの1995	ユキノ			
1994	8	9508	ドラムトの1994	ドリームカンパニー			
1994	10	9510	グリーンノートⅡの1994	エピローグ			
1994	11	9511	モリスエールの1994	ウインディ			
1994	12	9512	セクスタリーの1994	ムテキホマレ			
1994	13	9513	スティフブリーズの1994	グレースフルマナー			
1994	14	9514	フライングスニーカーズの1994	アラビアンジュエル			
1994	15	9515	グリーンアイドケイの1994	ケイズドリーム			
1994	16	9516	ダンシューズドリユンヌの1994	フォルテューヌ			
1994	17	9517	ベルオーリーズンの1994	リンガベル			